{"stats":{"minecraft:used":{"minecraft:cooked_mutton":2,"minecraft:wooden_axe":2,"minecraft:stone_shovel":11,"minecraft:stone_pickaxe":33,"minecraft:wooden_pickaxe":22,"minecraft:stone_axe":13,"minecraft:dirt":2,"minecraft:cobblestone":10,"minecraft:sweet_berries":3,"minecraft:crafting_table":4,"minecraft:furnace":1,"minecraft:cooked_porkchop":1,"minecraft:spruce_log":1},"minecraft:custom":{"minecraft:time_since_rest":7680,"minecraft:interact_with_furnace":5,"minecraft:sprint_one_cm":30331,"minecraft:damage_taken":170,"minecraft:walk_one_cm":47779,"minecraft:mob_kills":3,"minecraft:drop":9,"minecraft:damage_dealt":220,"minecraft:interact_with_crafting_table":8,"minecraft:swim_one_cm":625,"minecraft:fly_one_cm":40599,"minecraft:crouch_one_cm":10282,"minecraft:play_time":18000,"minecraft:sneak_time":3557,"minecraft:walk_under_water_one_cm":179,"minecraft:jump":292,"minecraft:walk_on_water_one_cm":2038,"minecraft:time_since_death":18000,"minecraft:total_world_time":18000,"minecraft:fall_one_cm":8177},"minecraft:killed":{"minecraft:sheep":1,"minecraft:pig":1,"minecraft:chicken":1},"minecraft:picked_up":{"minecraft:crafting_table":3,"minecraft:chicken":1,"minecraft:sweet_berries":3,"minecraft:stone_slab":4,"minecraft:porkchop":1,"minecraft:spruce_sapling":29,"minecraft:spruce_log":159,"minecraft:dirt":11,"minecraft:cobblestone_slab":1,"minecraft:dark_oak_wood":4,"minecraft:mutton":2,"minecraft:coal":1,"minecraft:white_wool":1,"minecraft:cobblestone":50},"minecraft:dropped":{"minecraft:dirt":9,"minecraft:cobblestone_slab":1,"minecraft:dark_oak_wood":4,"minecraft:stone_slab":4,"minecraft:spruce_sapling":29},"minecraft:mined":{"minecraft:large_fern":2,"minecraft:dark_oak_log":4,"minecraft:spruce_log":4,"minecraft:mangrove_leaves":3,"minecraft:crafting_table":3,"minecraft:dark_oak_wood":4,"minecraft:grass":1,"minecraft:grass_block":3,"minecraft:coal_ore":1,"minecraft:cobblestone_slab":1,"minecraft:dirt":8,"minecraft:stone_slab":2,"minecraft:cobblestone":1,"minecraft:spruce_leaves":1,"minecraft:stone":50,"minecraft:oak_leaves":5,"minecraft:fern":1},"minecraft:crafted":{"minecraft:stone_shovel":1,"minecraft:cooked_porkchop":1,"minecraft:crafting_table":1,"minecraft:spruce_planks":20,"minecraft:stick":20,"minecraft:wooden_pickaxe":1,"minecraft:stone_pickaxe":1,"minecraft:wooden_axe":1,"minecraft:furnace":1,"minecraft:stone_axe":1,"minecraft:air":0,"minecraft:cooked_mutton":2}},"DataVersion":3337}