{"stats":{"minecraft:custom":{"minecraft:interact_with_furnace":6,"minecraft:mob_kills":44,"minecraft:interact_with_anvil":1,"minecraft:inspect_hopper":1,"minecraft:interact_with_crafting_table":17,"minecraft:leave_game":1,"minecraft:time_since_death":3661,"minecraft:sleep_in_bed":2,"minecraft:time_since_rest":3756,"minecraft:sprint_one_cm":278455,"minecraft:damage_taken":1715,"minecraft:walk_one_cm":280353,"minecraft:drop":30,"minecraft:damage_dealt":4544,"minecraft:swim_one_cm":10016,"minecraft:talked_to_villager":42,"minecraft:fly_one_cm":302951,"minecraft:open_chest":47,"minecraft:crouch_one_cm":52466,"minecraft:play_time":112242,"minecraft:deaths":2,"minecraft:sneak_time":15190,"minecraft:walk_under_water_one_cm":4017,"minecraft:jump":2017,"minecraft:interact_with_brewingstand":1,"minecraft:interact_with_blast_furnace":2,"minecraft:walk_on_water_one_cm":10418,"minecraft:interact_with_smoker":1,"minecraft:total_world_time":112242,"minecraft:fall_one_cm":53158,"minecraft:inspect_dispenser":2},"minecraft:used":{"minecraft:cooked_mutton":3,"minecraft:snow_block":23,"minecraft:stone_shovel":44,"minecraft:stone_pickaxe":203,"minecraft:wooden_pickaxe":22,"minecraft:netherrack":74,"minecraft:dirt":5,"minecraft:crafting_table":8,"minecraft:golden_shovel":32,"minecraft:spruce_log":9,"minecraft:obsidian":1,"minecraft:stone_brick_slab":1,"minecraft:wooden_axe":2,"minecraft:bread":1,"minecraft:iron_axe":18,"minecraft:lectern":28,"minecraft:golden_sword":14,"minecraft:stone_axe":90,"minecraft:cobblestone":10,"minecraft:soul_soil":1,"minecraft:written_book":1,"minecraft:sweet_berries":3,"minecraft:furnace":1,"minecraft:cooked_porkchop":1,"minecraft:potato":5},"minecraft:killed":{"minecraft:magma_cube":1,"minecraft:pig":6,"minecraft:salmon":1,"minecraft:spider":2,"minecraft:sheep":8,"minecraft:zombie":1,"minecraft:chicken":1,"minecraft:blaze":1,"minecraft:wither_skeleton":2,"minecraft:cow":21},"minecraft:picked_up":{"minecraft:crafting_table":7,"minecraft:chicken":1,"minecraft:salmon":1,"minecraft:leather":20,"minecraft:stone_slab":4,"minecraft:potato":5,"minecraft:stone_brick_stairs":6,"minecraft:wither_skeleton_skull":1,"minecraft:string":2,"minecraft:dirt":14,"minecraft:soul_soil":8,"minecraft:snow":1,"minecraft:cooked_mutton":3,"minecraft:apple":1,"minecraft:stone_pickaxe":1,"minecraft:beef":47,"minecraft:cobblestone_slab":1,"minecraft:mossy_stone_bricks":1,"minecraft:lectern":28,"minecraft:iron_sword":1,"minecraft:soul_sand":3,"minecraft:chest":3,"minecraft:spruce_trapdoor":1,"minecraft:raw_iron":1,"minecraft:sweet_berries":3,"minecraft:quartz":4,"minecraft:stone_brick_slab":4,"minecraft:snow_block":31,"minecraft:porkchop":6,"minecraft:spruce_sapling":29,"minecraft:spruce_log":159,"minecraft:spider_eye":2,"minecraft:dark_oak_log":12,"minecraft:nether_bricks":1,"minecraft:bone_block":4,"minecraft:netherrack":120,"minecraft:bone_meal":1,"minecraft:oak_sapling":1,"minecraft:white_wool":8,"minecraft:mutton":13,"minecraft:dark_oak_wood":4,"minecraft:coal":31,"minecraft:snowball":16,"minecraft:cobblestone":51},"minecraft:dropped":{"minecraft:stone_slab":4,"minecraft:snow":1,"minecraft:dirt":9,"minecraft:cobblestone_slab":1,"minecraft:dark_oak_log":11,"minecraft:spruce_trapdoor":1,"minecraft:spruce_planks":2,"minecraft:dark_oak_wood":4,"minecraft:wooden_axe":1,"minecraft:mossy_stone_bricks":1,"minecraft:spider_eye":2,"minecraft:bone_meal":1,"minecraft:spruce_log":79,"minecraft:written_book":2,"minecraft:string":2,"minecraft:stone_brick_stairs":6,"minecraft:spruce_sapling":29,"minecraft:stone_brick_slab":3},"minecraft:killed_by":{"minecraft:blaze":1},"minecraft:mined":{"minecraft:soul_sand":3,"minecraft:mossy_cobblestone":1,"minecraft:snow_block":34,"minecraft:dark_oak_log":11,"minecraft:stone_brick_slab":2,"minecraft:powder_snow":4,"minecraft:nether_bricks":1,"minecraft:crafting_table":7,"minecraft:spruce_trapdoor":1,"minecraft:dark_oak_wood":4,"minecraft:grass_block":3,"minecraft:chest":3,"minecraft:lectern":28,"minecraft:stone_slab":2,"minecraft:nether_quartz_ore":4,"minecraft:soul_soil":15,"minecraft:tall_grass":1,"minecraft:cobblestone":1,"minecraft:spruce_leaves":2,"minecraft:large_fern":2,"minecraft:iron_ore":1,"minecraft:fire":11,"minecraft:snow":5,"minecraft:spruce_log":4,"minecraft:mangrove_leaves":3,"minecraft:stone_brick_stairs":4,"minecraft:grass":6,"minecraft:potatoes":2,"minecraft:coal_ore":31,"minecraft:cobblestone_slab":1,"minecraft:dirt":11,"minecraft:bone_block":4,"minecraft:cracked_stone_bricks":2,"minecraft:stone":51,"minecraft:stone_bricks":1,"minecraft:netherrack":104,"minecraft:mossy_stone_bricks":1,"minecraft:oak_leaves":5,"minecraft:fern":1},"minecraft:broken":{"minecraft:stone_pickaxe":1,"minecraft:stone_axe":1,"minecraft:golden_shovel":1},"minecraft:crafted":{"minecraft:stone_shovel":1,"minecraft:cooked_porkchop":1,"minecraft:crafting_table":2,"minecraft:spruce_planks":28,"minecraft:wooden_pickaxe":1,"minecraft:furnace":1,"minecraft:stone_axe":1,"minecraft:air":0,"minecraft:cooked_mutton":2,"minecraft:iron_chestplate":1,"minecraft:emerald_block":1,"minecraft:shield":1,"minecraft:iron_axe":1,"minecraft:stick":20,"minecraft:iron_ingot":3,"minecraft:stone_pickaxe":2,"minecraft:wooden_axe":1,"minecraft:snow_block":3,"minecraft:gold_ingot":10,"minecraft:dark_oak_planks":4}},"DataVersion":3337}