{"stats":{"minecraft:custom":{"minecraft:interact_with_furnace":5,"minecraft:interact_with_anvil":1,"minecraft:mob_kills":18,"minecraft:inspect_hopper":1,"minecraft:interact_with_crafting_table":10,"minecraft:time_since_death":54000,"minecraft:sleep_in_bed":1,"minecraft:time_since_rest":3586,"minecraft:sprint_one_cm":90542,"minecraft:walk_one_cm":151328,"minecraft:damage_taken":270,"minecraft:drop":9,"minecraft:damage_dealt":1719,"minecraft:swim_one_cm":6865,"minecraft:talked_to_villager":38,"minecraft:fly_one_cm":95020,"minecraft:open_chest":37,"minecraft:crouch_one_cm":25937,"minecraft:play_time":54000,"minecraft:sneak_time":7780,"minecraft:walk_under_water_one_cm":1741,"minecraft:jump":758,"minecraft:interact_with_brewingstand":1,"minecraft:interact_with_blast_furnace":2,"minecraft:walk_on_water_one_cm":6237,"minecraft:total_world_time":54000,"minecraft:inspect_dispenser":2,"minecraft:fall_one_cm":20952},"minecraft:used":{"minecraft:cooked_mutton":2,"minecraft:stone_pickaxe":38,"minecraft:stone_shovel":16,"minecraft:wooden_pickaxe":22,"minecraft:dirt":2,"minecraft:crafting_table":4,"minecraft:spruce_log":1,"minecraft:obsidian":1,"minecraft:wooden_axe":2,"minecraft:lectern":25,"minecraft:stone_axe":73,"minecraft:cobblestone":10,"minecraft:sweet_berries":3,"minecraft:furnace":1,"minecraft:cooked_porkchop":1,"minecraft:potato":5},"minecraft:killed":{"minecraft:pig":3,"minecraft:sheep":1,"minecraft:chicken":1,"minecraft:cow":13},"minecraft:picked_up":{"minecraft:crafting_table":3,"minecraft:chicken":1,"minecraft:leather":12,"minecraft:stone_slab":4,"minecraft:potato":5,"minecraft:stone_brick_stairs":1,"minecraft:dirt":11,"minecraft:beef":30,"minecraft:cobblestone_slab":1,"minecraft:lectern":25,"minecraft:chest":1,"minecraft:sweet_berries":3,"minecraft:stone_brick_slab":2,"minecraft:porkchop":5,"minecraft:spruce_sapling":29,"minecraft:spruce_log":159,"minecraft:dark_oak_log":12,"minecraft:snowball":14,"minecraft:mutton":3,"minecraft:dark_oak_wood":4,"minecraft:coal":1,"minecraft:white_wool":1,"minecraft:cobblestone":50},"minecraft:dropped":{"minecraft:stone_slab":4,"minecraft:dirt":9,"minecraft:cobblestone_slab":1,"minecraft:dark_oak_wood":4,"minecraft:spruce_sapling":29},"minecraft:mined":{"minecraft:snow_block":3,"minecraft:dark_oak_log":11,"minecraft:stone_brick_slab":2,"minecraft:crafting_table":3,"minecraft:dark_oak_wood":4,"minecraft:grass_block":3,"minecraft:chest":1,"minecraft:lectern":25,"minecraft:stone_slab":2,"minecraft:cobblestone":1,"minecraft:spruce_leaves":2,"minecraft:large_fern":2,"minecraft:snow":2,"minecraft:spruce_log":4,"minecraft:mangrove_leaves":3,"minecraft:stone_brick_stairs":1,"minecraft:grass":6,"minecraft:potatoes":2,"minecraft:coal_ore":1,"minecraft:cobblestone_slab":1,"minecraft:dirt":8,"minecraft:stone":50,"minecraft:oak_leaves":5,"minecraft:fern":1},"minecraft:crafted":{"minecraft:stone_shovel":1,"minecraft:cooked_porkchop":1,"minecraft:crafting_table":1,"minecraft:spruce_planks":20,"minecraft:wooden_pickaxe":1,"minecraft:furnace":1,"minecraft:stone_axe":1,"minecraft:cooked_mutton":2,"minecraft:air":0,"minecraft:stick":20,"minecraft:stone_pickaxe":1,"minecraft:wooden_axe":1}},"DataVersion":3337}