{"stats":{"minecraft:used":{"minecraft:stone_shovel":44,"minecraft:netherrack":115,"minecraft:dirt":5,"minecraft:golden_shovel":32,"minecraft:obsidian":1,"minecraft:stone_brick_slab":1,"minecraft:wooden_axe":2,"minecraft:iron_axe":137,"minecraft:golden_sword":14,"minecraft:sweet_berries":3,"minecraft:written_book":1,"minecraft:soul_soil":1,"minecraft:furnace":1,"minecraft:potato":5,"minecraft:cooked_mutton":5,"minecraft:snow_block":23,"minecraft:birch_planks":3,"minecraft:stone_pickaxe":209,"minecraft:birch_boat":1,"minecraft:wooden_pickaxe":22,"minecraft:crafting_table":10,"minecraft:spruce_log":9,"minecraft:bread":1,"minecraft:lectern":136,"minecraft:spruce_trapdoor":2,"minecraft:stone_axe":90,"minecraft:cobblestone":10,"minecraft:cooked_porkchop":1},"minecraft:custom":{"minecraft:interact_with_anvil":2,"minecraft:mob_kills":45,"minecraft:inspect_hopper":1,"minecraft:interact_with_crafting_table":21,"minecraft:leave_game":1,"minecraft:time_since_death":14845,"minecraft:sprint_one_cm":309896,"minecraft:walk_one_cm":380389,"minecraft:drop":41,"minecraft:talked_to_villager":200,"minecraft:play_time":148242,"minecraft:deaths":4,"minecraft:sneak_time":19585,"minecraft:walk_under_water_one_cm":6691,"minecraft:boat_one_cm":2740,"minecraft:jump":2250,"minecraft:interact_with_brewingstand":1,"minecraft:interact_with_blast_furnace":2,"minecraft:walk_on_water_one_cm":11388,"minecraft:total_world_time":148242,"minecraft:interact_with_furnace":6,"minecraft:sleep_in_bed":5,"minecraft:time_since_rest":3732,"minecraft:damage_taken":2519,"minecraft:damage_dealt":4810,"minecraft:fly_one_cm":325103,"minecraft:swim_one_cm":10497,"minecraft:open_chest":47,"minecraft:crouch_one_cm":66531,"minecraft:interact_with_smoker":1,"minecraft:fall_one_cm":65540,"minecraft:inspect_dispenser":2},"minecraft:killed":{"minecraft:spider":2,"minecraft:chicken":1,"minecraft:magma_cube":1,"minecraft:pig":6,"minecraft:salmon":1,"minecraft:sheep":8,"minecraft:zombie":2,"minecraft:wither_skeleton":2,"minecraft:blaze":1,"minecraft:cow":21},"minecraft:picked_up":{"minecraft:crafting_table":8,"minecraft:chicken":1,"minecraft:stone_slab":4,"minecraft:stone_brick_stairs":6,"minecraft:string":2,"minecraft:soul_soil":8,"minecraft:snow":1,"minecraft:beef":47,"minecraft:cobblestone_slab":1,"minecraft:poppy":1,"minecraft:lectern":136,"minecraft:chest":3,"minecraft:spruce_trapdoor":5,"minecraft:raw_iron":1,"minecraft:composter":1,"minecraft:porkchop":6,"minecraft:snow_block":31,"minecraft:nether_bricks":1,"minecraft:mutton":13,"minecraft:snowball":16,"minecraft:white_wool":8,"minecraft:bone_block":4,"minecraft:cobblestone":51,"minecraft:salmon":1,"minecraft:leather":20,"minecraft:potato":5,"minecraft:wither_skeleton_skull":1,"minecraft:dirt":18,"minecraft:cooked_mutton":3,"minecraft:apple":1,"minecraft:birch_wood":3,"minecraft:stone_pickaxe":1,"minecraft:mossy_stone_bricks":1,"minecraft:iron_sword":1,"minecraft:soul_sand":3,"minecraft:birch_boat":1,"minecraft:sweet_berries":3,"minecraft:stone_brick_slab":4,"minecraft:quartz":4,"minecraft:spruce_sapling":29,"minecraft:spruce_log":161,"minecraft:dark_oak_log":12,"minecraft:spider_eye":2,"minecraft:bone_meal":1,"minecraft:oak_sapling":1,"minecraft:netherrack":126,"minecraft:dark_oak_wood":4,"minecraft:coal":31},"minecraft:dropped":{"minecraft:dirt":13,"minecraft:dark_oak_log":11,"minecraft:dark_oak_wood":4,"minecraft:wooden_axe":1,"minecraft:bone_meal":1,"minecraft:string":2,"minecraft:spruce_sapling":29,"minecraft:stone_brick_slab":3,"minecraft:soul_soil":7,"minecraft:stone_slab":4,"minecraft:nether_bricks":1,"minecraft:poppy":1,"minecraft:snow":1,"minecraft:cobblestone_slab":1,"minecraft:spruce_trapdoor":5,"minecraft:spruce_planks":2,"minecraft:mossy_stone_bricks":1,"minecraft:oak_sapling":1,"minecraft:spider_eye":2,"minecraft:spruce_log":79,"minecraft:stone_brick_stairs":6,"minecraft:written_book":4},"minecraft:killed_by":{"minecraft:blaze":1},"minecraft:mined":{"minecraft:mossy_cobblestone":1,"minecraft:dark_oak_log":11,"minecraft:spruce_trapdoor":2,"minecraft:nether_bricks":1,"minecraft:grass_block":4,"minecraft:soul_soil":15,"minecraft:spruce_leaves":2,"minecraft:composter":1,"minecraft:large_fern":2,"minecraft:iron_ore":1,"minecraft:fire":11,"minecraft:snow":5,"minecraft:potatoes":2,"minecraft:cobblestone_slab":1,"minecraft:stone":51,"minecraft:bone_block":4,"minecraft:soul_sand":3,"minecraft:snow_block":34,"minecraft:stone_brick_slab":2,"minecraft:powder_snow":4,"minecraft:crafting_table":8,"minecraft:dark_oak_wood":4,"minecraft:poppy":1,"minecraft:chest":3,"minecraft:lectern":136,"minecraft:stone_slab":2,"minecraft:nether_quartz_ore":4,"minecraft:cobblestone":1,"minecraft:tall_grass":4,"minecraft:birch_wood":3,"minecraft:spruce_log":6,"minecraft:mangrove_leaves":3,"minecraft:stone_brick_stairs":4,"minecraft:grass":7,"minecraft:coal_ore":31,"minecraft:dirt":14,"minecraft:cracked_stone_bricks":2,"minecraft:stone_bricks":1,"minecraft:netherrack":110,"minecraft:mossy_stone_bricks":1,"minecraft:oak_leaves":5,"minecraft:fern":1},"minecraft:broken":{"minecraft:golden_shovel":1,"minecraft:stone_pickaxe":1,"minecraft:stone_axe":1},"minecraft:crafted":{"minecraft:stone_shovel":1,"minecraft:birch_boat":1,"minecraft:furnace":1,"minecraft:cooked_mutton":2,"minecraft:iron_axe":1,"minecraft:stone_pickaxe":2,"minecraft:dark_oak_planks":4,"minecraft:cooked_porkchop":1,"minecraft:crafting_table":3,"minecraft:spruce_planks":36,"minecraft:wooden_pickaxe":1,"minecraft:birch_planks":12,"minecraft:stone_axe":1,"minecraft:air":0,"minecraft:spruce_trapdoor":2,"minecraft:iron_chestplate":1,"minecraft:emerald_block":1,"minecraft:shield":1,"minecraft:stick":20,"minecraft:iron_ingot":3,"minecraft:wooden_axe":1,"minecraft:snow_block":3,"minecraft:gold_ingot":10}},"DataVersion":3337}