{"stats":{"minecraft:used":{"minecraft:stone_shovel":44,"minecraft:chest":2,"minecraft:shield":25,"minecraft:iron_sword":44,"minecraft:netherrack":115,"minecraft:dirt":5,"minecraft:golden_shovel":32,"minecraft:obsidian":1,"minecraft:spruce_boat":1,"minecraft:stone_brick_slab":1,"minecraft:wooden_axe":2,"minecraft:flowering_azalea":8,"minecraft:bookshelf":1,"minecraft:iron_axe":161,"minecraft:golden_sword":14,"minecraft:sweet_berries":3,"minecraft:written_book":1,"minecraft:soul_soil":1,"minecraft:furnace":1,"minecraft:potato":6,"minecraft:cooked_mutton":5,"minecraft:snow_block":23,"minecraft:birch_planks":3,"minecraft:stone_pickaxe":331,"minecraft:birch_boat":2,"minecraft:wooden_pickaxe":22,"minecraft:crafting_table":10,"minecraft:spruce_log":9,"minecraft:bread":10,"minecraft:lectern":141,"minecraft:spruce_trapdoor":2,"minecraft:stone_axe":90,"minecraft:cobblestone":23,"minecraft:cooked_porkchop":1,"minecraft:bone_meal":36},"minecraft:custom":{"minecraft:interact_with_anvil":2,"minecraft:mob_kills":59,"minecraft:inspect_hopper":1,"minecraft:interact_with_crafting_table":22,"minecraft:leave_game":1,"minecraft:time_since_death":38845,"minecraft:climb_one_cm":1376,"minecraft:sprint_one_cm":353537,"minecraft:walk_one_cm":444801,"minecraft:damage_blocked_by_shield":1380,"minecraft:drop":54,"minecraft:talked_to_villager":212,"minecraft:play_time":172242,"minecraft:deaths":4,"minecraft:sneak_time":24569,"minecraft:walk_under_water_one_cm":7755,"minecraft:boat_one_cm":12080,"minecraft:jump":2649,"minecraft:interact_with_brewingstand":1,"minecraft:interact_with_blast_furnace":2,"minecraft:walk_on_water_one_cm":14957,"minecraft:total_world_time":172242,"minecraft:interact_with_furnace":7,"minecraft:traded_with_villager":5,"minecraft:sleep_in_bed":5,"minecraft:time_since_rest":12913,"minecraft:damage_taken":3783,"minecraft:damage_dealt":7306,"minecraft:fly_one_cm":365287,"minecraft:swim_one_cm":10497,"minecraft:open_chest":51,"minecraft:crouch_one_cm":81870,"minecraft:interact_with_smoker":1,"minecraft:fall_one_cm":78932,"minecraft:inspect_dispenser":2},"minecraft:killed":{"minecraft:spider":2,"minecraft:skeleton":3,"minecraft:chicken":1,"minecraft:magma_cube":1,"minecraft:pig":6,"minecraft:salmon":1,"minecraft:sheep":8,"minecraft:zombie":13,"minecraft:wither_skeleton":2,"minecraft:blaze":1,"minecraft:cow":21},"minecraft:picked_up":{"minecraft:crafting_table":8,"minecraft:chicken":1,"minecraft:stone_slab":4,"minecraft:stone_brick_stairs":6,"minecraft:string":2,"minecraft:soul_soil":8,"minecraft:snow":1,"minecraft:beef":47,"minecraft:cobblestone_slab":1,"minecraft:azalea":16,"minecraft:poppy":1,"minecraft:lectern":141,"minecraft:chest":3,"minecraft:spruce_trapdoor":5,"minecraft:raw_iron":20,"minecraft:composter":1,"minecraft:porkchop":6,"minecraft:snow_block":31,"minecraft:rotten_flesh":7,"minecraft:nether_bricks":1,"minecraft:glow_berries":11,"minecraft:mutton":13,"minecraft:snowball":16,"minecraft:white_wool":8,"minecraft:bone_block":4,"minecraft:cobblestone":52,"minecraft:andesite":2,"minecraft:salmon":1,"minecraft:leather":20,"minecraft:potato":128,"minecraft:flint":4,"minecraft:wither_skeleton_skull":1,"minecraft:dirt":18,"minecraft:cooked_mutton":3,"minecraft:bone":4,"minecraft:apple":1,"minecraft:spore_blossom":1,"minecraft:birch_wood":3,"minecraft:stone_pickaxe":1,"minecraft:mossy_stone_bricks":1,"minecraft:flowering_azalea":13,"minecraft:iron_sword":1,"minecraft:soul_sand":3,"minecraft:book":3,"minecraft:birch_boat":1,"minecraft:sweet_berries":3,"minecraft:stone_brick_slab":4,"minecraft:quartz":4,"minecraft:poisonous_potato":5,"minecraft:gravel":17,"minecraft:spruce_sapling":29,"minecraft:spruce_log":161,"minecraft:dark_oak_log":12,"minecraft:spider_eye":2,"minecraft:spruce_boat":1,"minecraft:bone_meal":1,"minecraft:oak_sapling":1,"minecraft:netherrack":126,"minecraft:dark_oak_wood":4,"minecraft:coal":125},"minecraft:dropped":{"minecraft:spore_blossom":1,"minecraft:poisonous_potato":5,"minecraft:flint":2,"minecraft:dirt":13,"minecraft:dark_oak_log":11,"minecraft:dark_oak_wood":4,"minecraft:wooden_axe":1,"minecraft:flowering_azalea":5,"minecraft:bone_meal":1,"minecraft:string":2,"minecraft:spruce_sapling":29,"minecraft:stone_brick_slab":3,"minecraft:soul_soil":7,"minecraft:rotten_flesh":7,"minecraft:stone_slab":4,"minecraft:nether_bricks":1,"minecraft:poppy":1,"minecraft:snow":1,"minecraft:cobblestone_slab":1,"minecraft:spruce_trapdoor":5,"minecraft:spruce_planks":2,"minecraft:mossy_stone_bricks":1,"minecraft:azalea":16,"minecraft:oak_sapling":1,"minecraft:spider_eye":2,"minecraft:spruce_log":79,"minecraft:wooden_pickaxe":1,"minecraft:stone_brick_stairs":6,"minecraft:written_book":4},"minecraft:killed_by":{"minecraft:blaze":1},"minecraft:mined":{"minecraft:mossy_cobblestone":1,"minecraft:dark_oak_log":11,"minecraft:cave_vines_plant":1,"minecraft:spruce_trapdoor":2,"minecraft:nether_bricks":1,"minecraft:grass_block":4,"minecraft:soul_soil":15,"minecraft:spruce_leaves":2,"minecraft:composter":1,"minecraft:large_fern":2,"minecraft:spore_blossom":2,"minecraft:iron_ore":12,"minecraft:fire":11,"minecraft:snow":5,"minecraft:cave_vines":2,"minecraft:bookshelf":1,"minecraft:potatoes":36,"minecraft:deepslate_iron_ore":9,"minecraft:cobblestone_slab":1,"minecraft:azalea":8,"minecraft:stone":53,"minecraft:bone_block":4,"minecraft:flowering_azalea":14,"minecraft:soul_sand":3,"minecraft:snow_block":34,"minecraft:stone_brick_slab":2,"minecraft:powder_snow":4,"minecraft:crafting_table":8,"minecraft:dark_oak_wood":4,"minecraft:poppy":1,"minecraft:chest":3,"minecraft:lectern":141,"minecraft:stone_slab":2,"minecraft:nether_quartz_ore":4,"minecraft:cobblestone":1,"minecraft:tall_grass":4,"minecraft:birch_wood":3,"minecraft:spruce_log":6,"minecraft:mangrove_leaves":3,"minecraft:stone_brick_stairs":4,"minecraft:grass":9,"minecraft:coal_ore":123,"minecraft:gravel":19,"minecraft:dirt":14,"minecraft:cracked_stone_bricks":2,"minecraft:stone_bricks":1,"minecraft:small_dripleaf":1,"minecraft:netherrack":110,"minecraft:mossy_stone_bricks":1,"minecraft:oak_leaves":5,"minecraft:fern":1},"minecraft:broken":{"minecraft:golden_shovel":1,"minecraft:stone_pickaxe":1,"minecraft:stone_axe":1},"minecraft:crafted":{"minecraft:stone_shovel":1,"minecraft:birch_boat":1,"minecraft:furnace":1,"minecraft:bone_meal":36,"minecraft:bookshelf":1,"minecraft:cooked_mutton":2,"minecraft:iron_axe":1,"minecraft:stone_pickaxe":2,"minecraft:spruce_boat":1,"minecraft:dark_oak_planks":4,"minecraft:emerald":13,"minecraft:cooked_porkchop":1,"minecraft:crafting_table":3,"minecraft:spruce_planks":44,"minecraft:wooden_pickaxe":1,"minecraft:birch_planks":12,"minecraft:stone_axe":1,"minecraft:air":0,"minecraft:spruce_trapdoor":2,"minecraft:iron_chestplate":1,"minecraft:emerald_block":1,"minecraft:shield":1,"minecraft:stick":20,"minecraft:iron_ingot":4,"minecraft:wooden_axe":1,"minecraft:snow_block":3,"minecraft:gold_ingot":10}},"DataVersion":3337}