{"stats":{"minecraft:used":{"minecraft:wooden_axe":1,"minecraft:sweet_berries":3,"minecraft:crafting_table":1},"minecraft:custom":{"minecraft:time_since_rest":6000,"minecraft:crouch_one_cm":1748,"minecraft:play_time":6000,"minecraft:sprint_one_cm":7174,"minecraft:damage_taken":70,"minecraft:walk_one_cm":13639,"minecraft:sneak_time":685,"minecraft:jump":45,"minecraft:time_since_death":6000,"minecraft:walk_on_water_one_cm":1966,"minecraft:total_world_time":6000,"minecraft:interact_with_crafting_table":2,"minecraft:fly_one_cm":8335,"minecraft:fall_one_cm":418},"minecraft:picked_up":{"minecraft:crafting_table":1,"minecraft:sweet_berries":3,"minecraft:spruce_sapling":8,"minecraft:spruce_log":58},"minecraft:mined":{"minecraft:large_fern":2,"minecraft:spruce_leaves":1,"minecraft:spruce_log":3,"minecraft:crafting_table":1,"minecraft:mangrove_leaves":3,"minecraft:fern":1},"minecraft:crafted":{"minecraft:crafting_table":1,"minecraft:spruce_planks":12,"minecraft:stick":4,"minecraft:wooden_pickaxe":1,"minecraft:wooden_axe":1}},"DataVersion":3337}