{"stats":{"minecraft:custom":{"minecraft:interact_with_furnace":5,"minecraft:interact_with_anvil":1,"minecraft:mob_kills":34,"minecraft:inspect_hopper":1,"minecraft:interact_with_crafting_table":14,"minecraft:time_since_death":78000,"minecraft:sleep_in_bed":1,"minecraft:time_since_rest":13398,"minecraft:sprint_one_cm":174664,"minecraft:walk_one_cm":196631,"minecraft:damage_taken":358,"minecraft:drop":18,"minecraft:damage_dealt":3129,"minecraft:swim_one_cm":8492,"minecraft:talked_to_villager":40,"minecraft:fly_one_cm":204390,"minecraft:open_chest":42,"minecraft:crouch_one_cm":36385,"minecraft:play_time":78000,"minecraft:sneak_time":10537,"minecraft:walk_under_water_one_cm":2422,"minecraft:jump":1391,"minecraft:interact_with_brewingstand":1,"minecraft:interact_with_blast_furnace":2,"minecraft:walk_on_water_one_cm":9590,"minecraft:total_world_time":78000,"minecraft:inspect_dispenser":2,"minecraft:fall_one_cm":36293},"minecraft:used":{"minecraft:cooked_mutton":2,"minecraft:snow_block":14,"minecraft:stone_pickaxe":119,"minecraft:stone_shovel":24,"minecraft:wooden_pickaxe":22,"minecraft:dirt":5,"minecraft:crafting_table":6,"minecraft:golden_shovel":32,"minecraft:spruce_log":3,"minecraft:obsidian":1,"minecraft:stone_brick_slab":1,"minecraft:wooden_axe":2,"minecraft:iron_axe":4,"minecraft:lectern":25,"minecraft:stone_axe":90,"minecraft:cobblestone":10,"minecraft:sweet_berries":3,"minecraft:furnace":1,"minecraft:cooked_porkchop":1,"minecraft:potato":5},"minecraft:killed":{"minecraft:pig":4,"minecraft:salmon":1,"minecraft:sheep":7,"minecraft:chicken":1,"minecraft:cow":21},"minecraft:picked_up":{"minecraft:crafting_table":5,"minecraft:chicken":1,"minecraft:salmon":1,"minecraft:leather":20,"minecraft:stone_slab":4,"minecraft:potato":5,"minecraft:stone_brick_stairs":2,"minecraft:dirt":14,"minecraft:snow":1,"minecraft:apple":1,"minecraft:beef":47,"minecraft:cobblestone_slab":1,"minecraft:lectern":25,"minecraft:chest":3,"minecraft:spruce_trapdoor":1,"minecraft:raw_iron":1,"minecraft:sweet_berries":3,"minecraft:stone_brick_slab":4,"minecraft:snow_block":31,"minecraft:porkchop":5,"minecraft:spruce_sapling":29,"minecraft:spruce_log":159,"minecraft:dark_oak_log":12,"minecraft:bone_meal":1,"minecraft:snowball":16,"minecraft:mutton":12,"minecraft:dark_oak_wood":4,"minecraft:coal":31,"minecraft:white_wool":7,"minecraft:cobblestone":51},"minecraft:dropped":{"minecraft:stone_slab":4,"minecraft:snow":1,"minecraft:dirt":9,"minecraft:cobblestone_slab":1,"minecraft:dark_oak_log":11,"minecraft:spruce_trapdoor":1,"minecraft:spruce_planks":2,"minecraft:dark_oak_wood":4,"minecraft:spruce_log":64,"minecraft:stone_brick_stairs":2,"minecraft:stone_brick_slab":3,"minecraft:spruce_sapling":29},"minecraft:mined":{"minecraft:mossy_cobblestone":1,"minecraft:snow_block":34,"minecraft:dark_oak_log":11,"minecraft:stone_brick_slab":2,"minecraft:powder_snow":4,"minecraft:crafting_table":5,"minecraft:spruce_trapdoor":1,"minecraft:dark_oak_wood":4,"minecraft:grass_block":3,"minecraft:chest":3,"minecraft:lectern":25,"minecraft:stone_slab":2,"minecraft:cobblestone":1,"minecraft:spruce_leaves":2,"minecraft:large_fern":2,"minecraft:fire":9,"minecraft:iron_ore":1,"minecraft:snow":5,"minecraft:spruce_log":4,"minecraft:mangrove_leaves":3,"minecraft:stone_brick_stairs":2,"minecraft:grass":6,"minecraft:potatoes":2,"minecraft:coal_ore":31,"minecraft:cobblestone_slab":1,"minecraft:dirt":11,"minecraft:cracked_stone_bricks":2,"minecraft:stone_bricks":1,"minecraft:mossy_stone_bricks":1,"minecraft:stone":51,"minecraft:netherrack":34,"minecraft:oak_leaves":5,"minecraft:fern":1},"minecraft:broken":{"minecraft:stone_axe":1,"minecraft:golden_shovel":1},"minecraft:crafted":{"minecraft:stone_shovel":1,"minecraft:cooked_porkchop":1,"minecraft:crafting_table":2,"minecraft:spruce_planks":28,"minecraft:wooden_pickaxe":1,"minecraft:furnace":1,"minecraft:stone_axe":1,"minecraft:cooked_mutton":2,"minecraft:air":0,"minecraft:emerald_block":1,"minecraft:shield":1,"minecraft:iron_axe":1,"minecraft:stick":20,"minecraft:stone_pickaxe":1,"minecraft:wooden_axe":1,"minecraft:snow_block":3,"minecraft:gold_ingot":10,"minecraft:dark_oak_planks":4}},"DataVersion":3337}