{"stats":{"minecraft:used":{"minecraft:cooked_mutton":2,"minecraft:wooden_axe":2,"minecraft:stone_shovel":11,"minecraft:stone_pickaxe":35,"minecraft:wooden_pickaxe":22,"minecraft:stone_axe":46,"minecraft:dirt":2,"minecraft:cobblestone":10,"minecraft:sweet_berries":3,"minecraft:crafting_table":4,"minecraft:furnace":1,"minecraft:cooked_porkchop":1,"minecraft:potato":5,"minecraft:spruce_log":1},"minecraft:custom":{"minecraft:time_since_rest":6709,"minecraft:interact_with_furnace":5,"minecraft:sprint_one_cm":61865,"minecraft:damage_taken":250,"minecraft:walk_one_cm":88098,"minecraft:mob_kills":16,"minecraft:drop":9,"minecraft:damage_dealt":1519,"minecraft:talked_to_villager":4,"minecraft:interact_with_crafting_table":8,"minecraft:swim_one_cm":4981,"minecraft:fly_one_cm":73202,"minecraft:open_chest":3,"minecraft:crouch_one_cm":16486,"minecraft:play_time":30000,"minecraft:sneak_time":5298,"minecraft:walk_under_water_one_cm":639,"minecraft:jump":610,"minecraft:walk_on_water_one_cm":3601,"minecraft:time_since_death":30000,"minecraft:total_world_time":30000,"minecraft:fall_one_cm":16100},"minecraft:killed":{"minecraft:sheep":1,"minecraft:pig":3,"minecraft:chicken":1,"minecraft:cow":11},"minecraft:picked_up":{"minecraft:crafting_table":3,"minecraft:chicken":1,"minecraft:sweet_berries":3,"minecraft:leather":11,"minecraft:stone_slab":4,"minecraft:potato":5,"minecraft:porkchop":5,"minecraft:spruce_sapling":29,"minecraft:spruce_log":159,"minecraft:dark_oak_log":12,"minecraft:dirt":11,"minecraft:beef":26,"minecraft:cobblestone_slab":1,"minecraft:chest":1,"minecraft:dark_oak_wood":4,"minecraft:mutton":2,"minecraft:coal":1,"minecraft:white_wool":1,"minecraft:cobblestone":50},"minecraft:dropped":{"minecraft:dirt":9,"minecraft:cobblestone_slab":1,"minecraft:dark_oak_wood":4,"minecraft:stone_slab":4,"minecraft:spruce_sapling":29},"minecraft:mined":{"minecraft:large_fern":2,"minecraft:stone_brick_slab":2,"minecraft:dark_oak_log":11,"minecraft:spruce_log":4,"minecraft:mangrove_leaves":3,"minecraft:crafting_table":3,"minecraft:dark_oak_wood":4,"minecraft:grass":6,"minecraft:potatoes":2,"minecraft:grass_block":3,"minecraft:coal_ore":1,"minecraft:cobblestone_slab":1,"minecraft:chest":1,"minecraft:dirt":8,"minecraft:stone_slab":2,"minecraft:cobblestone":1,"minecraft:spruce_leaves":2,"minecraft:stone":50,"minecraft:oak_leaves":5,"minecraft:fern":1},"minecraft:crafted":{"minecraft:stone_shovel":1,"minecraft:cooked_porkchop":1,"minecraft:crafting_table":1,"minecraft:spruce_planks":20,"minecraft:stick":20,"minecraft:wooden_pickaxe":1,"minecraft:stone_pickaxe":1,"minecraft:wooden_axe":1,"minecraft:furnace":1,"minecraft:stone_axe":1,"minecraft:air":0,"minecraft:cooked_mutton":2}},"DataVersion":3337}