{"stats":{"minecraft:custom":{"minecraft:interact_with_furnace":15,"minecraft:mob_kills":64,"minecraft:interact_with_crafting_table":19,"minecraft:time_since_death":52555,"minecraft:sleep_in_bed":3,"minecraft:time_since_rest":5035,"minecraft:sprint_one_cm":177641,"minecraft:damage_taken":697,"minecraft:walk_one_cm":151713,"minecraft:damage_blocked_by_shield":855,"minecraft:drop":3,"minecraft:damage_dealt":7411,"minecraft:swim_one_cm":31965,"minecraft:fly_one_cm":202981,"minecraft:crouch_one_cm":4436,"minecraft:play_time":54000,"minecraft:deaths":1,"minecraft:sneak_time":1922,"minecraft:walk_under_water_one_cm":19017,"minecraft:jump":1095,"minecraft:walk_on_water_one_cm":21717,"minecraft:interact_with_smoker":10,"minecraft:total_world_time":54000,"minecraft:fall_one_cm":23414},"minecraft:used":{"minecraft:water_bucket":2,"minecraft:cooked_mutton":5,"minecraft:stone_sword":86,"minecraft:stone_pickaxe":137,"minecraft:oak_planks":12,"minecraft:shield":10,"minecraft:wooden_pickaxe":3,"minecraft:iron_sword":21,"minecraft:torch":46,"minecraft:golden_apple":1,"minecraft:dirt":6,"minecraft:crafting_table":4,"minecraft:allium":1,"minecraft:white_bed":3,"minecraft:smoker":1,"minecraft:iron_pickaxe":94,"minecraft:stone_axe":74,"minecraft:cobblestone":10,"minecraft:sweet_berries":44,"minecraft:furnace":1,"minecraft:bucket":3},"minecraft:killed":{"minecraft:wolf":2,"minecraft:pig":7,"minecraft:spider":1,"minecraft:creeper":2,"minecraft:skeleton":2,"minecraft:sheep":21,"minecraft:horse":3,"minecraft:zombie":3,"minecraft:glow_squid":1,"minecraft:cow":23},"minecraft:picked_up":{"minecraft:crafting_table":3,"minecraft:allium":2,"minecraft:feather":1,"minecraft:azure_bluet":1,"minecraft:lilac":1,"minecraft:glow_ink_sac":2,"minecraft:brown_wool":2,"minecraft:leather":22,"minecraft:stone_slab":2,"minecraft:gunpowder":3,"minecraft:lapis_lazuli":36,"minecraft:string":2,"minecraft:dirt":6,"minecraft:raw_copper":24,"minecraft:blue_orchid":1,"minecraft:wheat_seeds":4,"minecraft:cobbled_deepslate":1,"minecraft:raw_gold":6,"minecraft:beef":39,"minecraft:rose_bush":1,"minecraft:cobblestone_slab":1,"minecraft:sugar_cane":23,"minecraft:oak_planks":9,"minecraft:raw_iron":59,"minecraft:sweet_berries":44,"minecraft:torch":1,"minecraft:gravel":1,"minecraft:porkchop":16,"minecraft:amethyst_shard":12,"minecraft:white_bed":3,"minecraft:spruce_log":2,"minecraft:oak_wood":10,"minecraft:arrow":2,"minecraft:rotten_flesh":3,"minecraft:diamond":9,"minecraft:golden_apple":1,"minecraft:gray_wool":2,"minecraft:oak_sapling":10,"minecraft:mutton":34,"minecraft:coal":75,"minecraft:white_wool":18,"minecraft:cobblestone":67},"minecraft:dropped":{"minecraft:stone_axe":1,"minecraft:stone_sword":1,"minecraft:wooden_pickaxe":1},"minecraft:mined":{"minecraft:diamond_ore":9,"minecraft:white_bed":2,"minecraft:amethyst_cluster":3,"minecraft:powder_snow":1,"minecraft:crafting_table":3,"minecraft:budding_amethyst":4,"minecraft:allium":2,"minecraft:oak_wood":6,"minecraft:grass_block":2,"minecraft:rose_bush":1,"minecraft:stone_slab":2,"minecraft:copper_ore":6,"minecraft:tall_grass":20,"minecraft:lapis_ore":6,"minecraft:oak_planks":9,"minecraft:sugar_cane":5,"minecraft:large_fern":5,"minecraft:iron_ore":52,"minecraft:sweet_berry_bush":32,"minecraft:lilac":1,"minecraft:spruce_log":2,"minecraft:mangrove_leaves":5,"minecraft:azure_bluet":1,"minecraft:grass":4,"minecraft:coal_ore":73,"minecraft:deepslate_iron_ore":4,"minecraft:cobblestone_slab":1,"minecraft:gravel":1,"minecraft:dirt":4,"minecraft:stone":58,"minecraft:blue_orchid":1,"minecraft:gold_ore":6,"minecraft:deepslate":1,"minecraft:oak_leaves":14},"minecraft:broken":{"minecraft:stone_pickaxe":1},"minecraft:crafted":{"minecraft:oak_planks":24,"minecraft:stone_shovel":1,"minecraft:leather_boots":1,"minecraft:crafting_table":1,"minecraft:spruce_planks":8,"minecraft:iron_helmet":1,"minecraft:wooden_pickaxe":1,"minecraft:iron_sword":1,"minecraft:furnace":2,"minecraft:bucket":1,"minecraft:stone_axe":2,"minecraft:cooked_mutton":34,"minecraft:air":0,"minecraft:iron_chestplate":1,"minecraft:shield":1,"minecraft:stick":28,"minecraft:iron_ingot":29,"minecraft:iron_pickaxe":1,"minecraft:stone_pickaxe":2,"minecraft:stone_sword":1,"minecraft:torch":48,"minecraft:smoker":1}},"DataVersion":3337}