{"stats":{"minecraft:custom":{"minecraft:interact_with_anvil":1,"minecraft:mob_kills":122,"minecraft:interact_with_crafting_table":35,"minecraft:open_barrel":1,"minecraft:time_since_death":166555,"minecraft:sprint_one_cm":443201,"minecraft:walk_one_cm":541171,"minecraft:damage_blocked_by_shield":2685,"minecraft:drop":60,"minecraft:talked_to_villager":8,"minecraft:play_time":168000,"minecraft:deaths":1,"minecraft:sneak_time":17298,"minecraft:walk_under_water_one_cm":45462,"minecraft:boat_one_cm":16782,"minecraft:jump":2251,"minecraft:walk_on_water_one_cm":40710,"minecraft:total_world_time":168000,"minecraft:interact_with_furnace":25,"minecraft:pot_flower":1,"minecraft:sleep_in_bed":7,"minecraft:time_since_rest":5262,"minecraft:damage_taken":2494,"minecraft:damage_dealt":16186,"minecraft:swim_one_cm":61033,"minecraft:fly_one_cm":383899,"minecraft:open_chest":43,"minecraft:crouch_one_cm":59952,"minecraft:interact_with_smoker":14,"minecraft:fall_one_cm":41626,"minecraft:inspect_dispenser":1},"minecraft:used":{"minecraft:oak_trapdoor":2,"minecraft:nether_brick_fence":2,"minecraft:stone_sword":86,"minecraft:iron_shovel":92,"minecraft:flint_and_steel":11,"minecraft:stone_shovel":132,"minecraft:spruce_planks":53,"minecraft:chest":5,"minecraft:shield":40,"minecraft:white_terracotta":2,"minecraft:iron_sword":21,"minecraft:mossy_stone_brick_slab":2,"minecraft:rotten_flesh":1,"minecraft:netherrack":330,"minecraft:torch":57,"minecraft:soul_sand":41,"minecraft:dirt":14,"minecraft:nether_bricks":70,"minecraft:allium":1,"minecraft:nether_brick_stairs":3,"minecraft:lava_bucket":13,"minecraft:iron_axe":34,"minecraft:lantern":1,"minecraft:oak_stairs":1,"minecraft:brick_stairs":2,"minecraft:polished_andesite_stairs":1,"minecraft:stone_bricks":1,"minecraft:dark_oak_boat":4,"minecraft:sweet_berries":44,"minecraft:soul_soil":17,"minecraft:furnace":7,"minecraft:potato":1,"minecraft:cooked_mutton":29,"minecraft:water_bucket":26,"minecraft:cobblestone_stairs":1,"minecraft:oak_planks":12,"minecraft:stone_pickaxe":141,"minecraft:wooden_pickaxe":3,"minecraft:cracked_stone_bricks":3,"minecraft:golden_apple":2,"minecraft:oak_slab":2,"minecraft:magenta_bed":3,"minecraft:crafting_table":9,"minecraft:blast_furnace":6,"minecraft:white_bed":5,"minecraft:stone_brick_wall":1,"minecraft:spruce_log":13,"minecraft:smoker":4,"minecraft:flower_pot":1,"minecraft:diamond_pickaxe":851,"minecraft:iron_pickaxe":286,"minecraft:spruce_sapling":3,"minecraft:polished_andesite_slab":2,"minecraft:stone_axe":133,"minecraft:diamond_sword":153,"minecraft:cobblestone":42,"minecraft:dark_oak_fence":3,"minecraft:andesite":1,"minecraft:bucket":40,"minecraft:bone_meal":241},"minecraft:killed":{"minecraft:spider":1,"minecraft:horse":3,"minecraft:skeleton":4,"minecraft:magma_cube":1,"minecraft:wolf":2,"minecraft:pig":7,"minecraft:salmon":15,"minecraft:creeper":3,"minecraft:sheep":21,"minecraft:zombie":5,"minecraft:glow_squid":1,"minecraft:wither_skeleton":16,"minecraft:blaze":19,"minecraft:cow":24},"minecraft:picked_up":{"minecraft:wooden_axe":1,"minecraft:crafting_table":8,"minecraft:allium":2,"minecraft:azure_bluet":1,"minecraft:flower_pot":2,"minecraft:nether_wart":95,"minecraft:nether_brick_fence":6,"minecraft:stone_slab":2,"minecraft:oak_stairs":1,"minecraft:stone_brick_wall":1,"minecraft:oak_trapdoor":2,"minecraft:string":2,"minecraft:soul_soil":130,"minecraft:raw_copper":24,"minecraft:blue_orchid":1,"minecraft:cracked_stone_bricks":3,"minecraft:cobbled_deepslate":9,"minecraft:spruce_planks":33,"minecraft:beef":41,"minecraft:rose_bush":1,"minecraft:written_book":1,"minecraft:cobblestone_slab":1,"minecraft:sugar_cane":42,"minecraft:chest":10,"minecraft:furnace":5,"minecraft:raw_iron":59,"minecraft:torch":2,"minecraft:porkchop":16,"minecraft:stone_sword":1,"minecraft:arrow":5,"minecraft:rotten_flesh":6,"minecraft:peony":1,"minecraft:nether_bricks":136,"minecraft:white_terracotta":5,"minecraft:brick_stairs":4,"minecraft:blaze_rod":10,"minecraft:mutton":34,"minecraft:cobblestone":88,"minecraft:white_wool":18,"minecraft:bone_block":46,"minecraft:oxeye_daisy":1,"minecraft:stripped_oak_log":1,"minecraft:feather":1,"minecraft:lilac":1,"minecraft:fern":1,"minecraft:salmon":15,"minecraft:glow_ink_sac":2,"minecraft:andesite":1,"minecraft:leather":24,"minecraft:brown_wool":2,"minecraft:dark_oak_boat":2,"minecraft:smoker":3,"minecraft:potato":193,"minecraft:flint":1,"minecraft:oak_log":1,"minecraft:cobblestone_stairs":1,"minecraft:magenta_bed":4,"minecraft:wither_skeleton_skull":1,"minecraft:gunpowder":5,"minecraft:lapis_lazuli":36,"minecraft:dirt":14,"minecraft:lantern":1,"minecraft:cooked_mutton":8,"minecraft:bone":14,"minecraft:chipped_anvil":2,"minecraft:stone_bricks":1,"minecraft:wheat_seeds":6,"minecraft:raw_gold":6,"minecraft:polished_andesite_slab":2,"minecraft:oak_planks":12,"minecraft:soul_sand":100,"minecraft:oak_slab":3,"minecraft:polished_andesite_stairs":5,"minecraft:birch_boat":1,"minecraft:sweet_berries":44,"minecraft:quartz":5,"minecraft:dandelion":3,"minecraft:oak_pressure_plate":4,"minecraft:poisonous_potato":1,"minecraft:gravel":4,"minecraft:amethyst_shard":12,"minecraft:spruce_sapling":20,"minecraft:nether_brick_stairs":8,"minecraft:blast_furnace":6,"minecraft:white_bed":7,"minecraft:spruce_log":80,"minecraft:mossy_stone_brick_slab":2,"minecraft:oak_wood":10,"minecraft:dispenser":1,"minecraft:purple_bed":1,"minecraft:diamond":9,"minecraft:lever":2,"minecraft:golden_apple":2,"minecraft:gray_wool":2,"minecraft:bricks":1,"minecraft:dark_oak_wood":6,"minecraft:oak_sapling":17,"minecraft:netherrack":711,"minecraft:coal":99,"minecraft:hopper":2},"minecraft:dropped":{"minecraft:nether_brick_stairs":5,"minecraft:iron_sword":1,"minecraft:wheat_seeds":4,"minecraft:feather":1,"minecraft:gray_wool":2,"minecraft:torch":1,"minecraft:rose_bush":1,"minecraft:brown_wool":2,"minecraft:gravel":4,"minecraft:stone_axe":1,"minecraft:soul_soil":16,"minecraft:stone_sword":1,"minecraft:cobbled_deepslate":9,"minecraft:rotten_flesh":3,"minecraft:wither_skeleton_skull":1,"minecraft:stone_slab":2,"minecraft:cooked_mutton":11,"minecraft:azure_bluet":1,"minecraft:cobblestone_slab":1,"minecraft:gunpowder":3,"minecraft:arrow":2,"minecraft:stone_pickaxe":1,"minecraft:wooden_pickaxe":1,"minecraft:netherrack":273},"minecraft:mined":{"minecraft:diamond_ore":9,"minecraft:spruce_planks":33,"minecraft:white_bed":6,"minecraft:mossy_stone_brick_slab":2,"minecraft:cobblestone_stairs":1,"minecraft:nether_bricks":135,"minecraft:budding_amethyst":4,"minecraft:allium":2,"minecraft:stone_brick_wall":1,"minecraft:grass_block":2,"minecraft:brick_stairs":4,"minecraft:soul_soil":128,"minecraft:polished_andesite_slab":2,"minecraft:spruce_leaves":1,"minecraft:hopper":2,"minecraft:nether_wart":80,"minecraft:potted_fern":1,"minecraft:large_fern":5,"minecraft:oak_trapdoor":2,"minecraft:furnace":5,"minecraft:iron_ore":52,"minecraft:fire":10,"minecraft:andesite":1,"minecraft:peony":1,"minecraft:nether_brick_stairs":8,"minecraft:azure_bluet":1,"minecraft:nether_brick_fence":7,"minecraft:potatoes":4,"minecraft:cobblestone_slab":1,"minecraft:deepslate_iron_ore":4,"minecraft:oak_stairs":1,"minecraft:stripped_oak_log":1,"minecraft:pink_tulip":1,"minecraft:blue_orchid":1,"minecraft:stone":69,"minecraft:bone_block":47,"minecraft:oak_slab":3,"minecraft:soul_sand":97,"minecraft:smoker":3,"minecraft:soul_fire":12,"minecraft:amethyst_cluster":3,"minecraft:powder_snow":1,"minecraft:torch":1,"minecraft:crafting_table":8,"minecraft:dark_oak_wood":6,"minecraft:blast_furnace":6,"minecraft:oak_wood":6,"minecraft:polished_andesite_stairs":5,"minecraft:chest":10,"minecraft:rose_bush":1,"minecraft:potted_oxeye_daisy":1,"minecraft:stone_slab":2,"minecraft:nether_quartz_ore":5,"minecraft:tall_grass":25,"minecraft:copper_ore":6,"minecraft:cobblestone":6,"minecraft:lapis_ore":6,"minecraft:sugar_cane":9,"minecraft:oak_planks":12,"minecraft:bricks":1,"minecraft:wall_torch":2,"minecraft:seagrass":1,"minecraft:white_terracotta":5,"minecraft:purple_bed":1,"minecraft:magenta_bed":4,"minecraft:sweet_berry_bush":32,"minecraft:lilac":1,"minecraft:spruce_log":6,"minecraft:mangrove_leaves":5,"minecraft:grass":12,"minecraft:oak_log":1,"minecraft:coal_ore":73,"minecraft:gravel":5,"minecraft:dirt":12,"minecraft:cracked_stone_bricks":3,"minecraft:dispenser":1,"minecraft:stone_bricks":1,"minecraft:chipped_anvil":2,"minecraft:netherrack":750,"minecraft:gold_ore":6,"minecraft:oak_leaves":14,"minecraft:deepslate":9},"minecraft:broken":{"minecraft:stone_pickaxe":1,"minecraft:stone_axe":1,"minecraft:iron_pickaxe":1,"minecraft:stone_shovel":1},"minecraft:crafted":{"minecraft:oak_planks":28,"minecraft:stone_shovel":1,"minecraft:leather_boots":1,"minecraft:dark_oak_boat":3,"minecraft:furnace":3,"minecraft:bone_meal":369,"minecraft:cooked_mutton":34,"minecraft:flint_and_steel":1,"minecraft:dark_oak_fence":3,"minecraft:iron_boots":1,"minecraft:iron_axe":1,"minecraft:stone_pickaxe":2,"minecraft:chest":1,"minecraft:dark_oak_planks":24,"minecraft:smoker":1,"minecraft:diamond_sword":1,"minecraft:crafting_table":2,"minecraft:spruce_planks":268,"minecraft:baked_potato":40,"minecraft:wooden_pickaxe":1,"minecraft:iron_helmet":1,"minecraft:iron_sword":1,"minecraft:bucket":1,"minecraft:stone_axe":3,"minecraft:air":0,"minecraft:iron_chestplate":1,"minecraft:diamond_pickaxe":1,"minecraft:shield":1,"minecraft:stick":72,"minecraft:iron_ingot":59,"minecraft:iron_pickaxe":2,"minecraft:stone_sword":1,"minecraft:iron_shovel":1,"minecraft:iron_leggings":1,"minecraft:torch":60}},"DataVersion":3337}