{"stats":{"minecraft:custom":{"minecraft:mob_kills":81,"minecraft:interact_with_crafting_table":25,"minecraft:time_since_death":88555,"minecraft:sprint_one_cm":243434,"minecraft:walk_one_cm":288012,"minecraft:damage_blocked_by_shield":1545,"minecraft:drop":38,"minecraft:play_time":90000,"minecraft:deaths":1,"minecraft:sneak_time":6830,"minecraft:walk_under_water_one_cm":32356,"minecraft:jump":1421,"minecraft:walk_on_water_one_cm":33370,"minecraft:total_world_time":90000,"minecraft:interact_with_furnace":24,"minecraft:sleep_in_bed":4,"minecraft:time_since_rest":26847,"minecraft:damage_taken":1017,"minecraft:damage_dealt":10918,"minecraft:swim_one_cm":38778,"minecraft:fly_one_cm":239907,"minecraft:open_chest":12,"minecraft:crouch_one_cm":22655,"minecraft:interact_with_smoker":11,"minecraft:fall_one_cm":29209},"minecraft:used":{"minecraft:nether_brick_fence":1,"minecraft:stone_sword":86,"minecraft:flint_and_steel":1,"minecraft:stone_shovel":83,"minecraft:shield":20,"minecraft:iron_sword":21,"minecraft:netherrack":111,"minecraft:torch":49,"minecraft:soul_sand":41,"minecraft:dirt":6,"minecraft:nether_bricks":63,"minecraft:allium":1,"minecraft:nether_brick_stairs":3,"minecraft:lava_bucket":13,"minecraft:sweet_berries":44,"minecraft:soul_soil":17,"minecraft:furnace":2,"minecraft:cooked_mutton":11,"minecraft:water_bucket":25,"minecraft:oak_planks":12,"minecraft:stone_pickaxe":141,"minecraft:wooden_pickaxe":3,"minecraft:golden_apple":1,"minecraft:crafting_table":4,"minecraft:white_bed":3,"minecraft:smoker":1,"minecraft:diamond_pickaxe":101,"minecraft:iron_pickaxe":271,"minecraft:stone_axe":80,"minecraft:diamond_sword":64,"minecraft:cobblestone":40,"minecraft:bucket":39},"minecraft:killed":{"minecraft:spider":1,"minecraft:horse":3,"minecraft:skeleton":2,"minecraft:magma_cube":1,"minecraft:wolf":2,"minecraft:pig":7,"minecraft:creeper":2,"minecraft:sheep":21,"minecraft:zombie":4,"minecraft:glow_squid":1,"minecraft:wither_skeleton":12,"minecraft:blaze":3,"minecraft:cow":23},"minecraft:picked_up":{"minecraft:crafting_table":4,"minecraft:allium":2,"minecraft:azure_bluet":1,"minecraft:nether_wart":46,"minecraft:nether_brick_fence":4,"minecraft:stone_slab":2,"minecraft:string":2,"minecraft:soul_soil":17,"minecraft:raw_copper":24,"minecraft:blue_orchid":1,"minecraft:cobbled_deepslate":9,"minecraft:beef":39,"minecraft:rose_bush":1,"minecraft:cobblestone_slab":1,"minecraft:sugar_cane":23,"minecraft:furnace":2,"minecraft:raw_iron":59,"minecraft:torch":1,"minecraft:porkchop":16,"minecraft:stone_sword":1,"minecraft:arrow":2,"minecraft:rotten_flesh":3,"minecraft:nether_bricks":74,"minecraft:blaze_rod":2,"minecraft:mutton":34,"minecraft:cobblestone":79,"minecraft:white_wool":18,"minecraft:bone_block":32,"minecraft:feather":1,"minecraft:lilac":1,"minecraft:glow_ink_sac":2,"minecraft:leather":22,"minecraft:brown_wool":2,"minecraft:smoker":1,"minecraft:flint":1,"minecraft:wither_skeleton_skull":1,"minecraft:gunpowder":3,"minecraft:lapis_lazuli":36,"minecraft:dirt":6,"minecraft:bone":4,"minecraft:wheat_seeds":4,"minecraft:raw_gold":6,"minecraft:oak_planks":9,"minecraft:soul_sand":70,"minecraft:sweet_berries":44,"minecraft:gravel":4,"minecraft:amethyst_shard":12,"minecraft:nether_brick_stairs":8,"minecraft:white_bed":4,"minecraft:spruce_log":2,"minecraft:oak_wood":10,"minecraft:diamond":9,"minecraft:golden_apple":1,"minecraft:gray_wool":2,"minecraft:oak_sapling":10,"minecraft:netherrack":125,"minecraft:coal":98},"minecraft:dropped":{"minecraft:wheat_seeds":4,"minecraft:feather":1,"minecraft:gray_wool":2,"minecraft:rose_bush":1,"minecraft:brown_wool":2,"minecraft:gravel":4,"minecraft:stone_axe":1,"minecraft:stone_sword":1,"minecraft:cobbled_deepslate":9,"minecraft:rotten_flesh":3,"minecraft:stone_slab":2,"minecraft:azure_bluet":1,"minecraft:cobblestone_slab":1,"minecraft:gunpowder":3,"minecraft:arrow":2,"minecraft:wooden_pickaxe":1},"minecraft:mined":{"minecraft:diamond_ore":9,"minecraft:white_bed":3,"minecraft:nether_bricks":74,"minecraft:budding_amethyst":4,"minecraft:allium":2,"minecraft:grass_block":2,"minecraft:soul_soil":17,"minecraft:nether_wart":40,"minecraft:large_fern":5,"minecraft:furnace":2,"minecraft:iron_ore":52,"minecraft:nether_brick_stairs":8,"minecraft:azure_bluet":1,"minecraft:nether_brick_fence":4,"minecraft:cobblestone_slab":1,"minecraft:deepslate_iron_ore":4,"minecraft:blue_orchid":1,"minecraft:stone":68,"minecraft:bone_block":32,"minecraft:soul_sand":67,"minecraft:smoker":1,"minecraft:soul_fire":11,"minecraft:amethyst_cluster":3,"minecraft:powder_snow":1,"minecraft:crafting_table":4,"minecraft:oak_wood":6,"minecraft:rose_bush":1,"minecraft:stone_slab":2,"minecraft:tall_grass":20,"minecraft:copper_ore":6,"minecraft:cobblestone":2,"minecraft:lapis_ore":6,"minecraft:sugar_cane":5,"minecraft:oak_planks":9,"minecraft:sweet_berry_bush":32,"minecraft:lilac":1,"minecraft:spruce_log":2,"minecraft:mangrove_leaves":5,"minecraft:grass":4,"minecraft:coal_ore":73,"minecraft:gravel":5,"minecraft:dirt":4,"minecraft:netherrack":119,"minecraft:gold_ore":6,"minecraft:oak_leaves":14,"minecraft:deepslate":9},"minecraft:broken":{"minecraft:stone_pickaxe":1,"minecraft:iron_pickaxe":1},"minecraft:crafted":{"minecraft:oak_planks":24,"minecraft:stone_shovel":1,"minecraft:leather_boots":1,"minecraft:furnace":3,"minecraft:cooked_mutton":34,"minecraft:flint_and_steel":1,"minecraft:iron_boots":1,"minecraft:stone_pickaxe":2,"minecraft:smoker":1,"minecraft:diamond_sword":1,"minecraft:crafting_table":1,"minecraft:spruce_planks":8,"minecraft:wooden_pickaxe":1,"minecraft:iron_helmet":1,"minecraft:iron_sword":1,"minecraft:bucket":1,"minecraft:stone_axe":2,"minecraft:air":0,"minecraft:iron_chestplate":1,"minecraft:diamond_pickaxe":1,"minecraft:shield":1,"minecraft:stick":32,"minecraft:iron_ingot":59,"minecraft:iron_pickaxe":1,"minecraft:stone_sword":1,"minecraft:iron_leggings":1,"minecraft:torch":52}},"DataVersion":3337}