{"stats":{"minecraft:custom":{"minecraft:interact_with_anvil":1,"minecraft:mob_kills":116,"minecraft:interact_with_crafting_table":34,"minecraft:time_since_death":148555,"minecraft:sprint_one_cm":383581,"minecraft:walk_one_cm":492247,"minecraft:damage_blocked_by_shield":2085,"minecraft:drop":59,"minecraft:talked_to_villager":7,"minecraft:play_time":150000,"minecraft:deaths":1,"minecraft:sneak_time":16971,"minecraft:walk_under_water_one_cm":43680,"minecraft:boat_one_cm":16782,"minecraft:jump":1942,"minecraft:walk_on_water_one_cm":38371,"minecraft:total_world_time":150000,"minecraft:interact_with_furnace":24,"minecraft:pot_flower":1,"minecraft:sleep_in_bed":6,"minecraft:time_since_rest":2081,"minecraft:damage_taken":2137,"minecraft:damage_dealt":15179,"minecraft:swim_one_cm":57327,"minecraft:fly_one_cm":313911,"minecraft:open_chest":24,"minecraft:crouch_one_cm":59319,"minecraft:interact_with_smoker":11,"minecraft:fall_one_cm":34718},"minecraft:used":{"minecraft:nether_brick_fence":2,"minecraft:stone_sword":86,"minecraft:iron_shovel":92,"minecraft:flint_and_steel":1,"minecraft:stone_shovel":132,"minecraft:spruce_planks":49,"minecraft:chest":1,"minecraft:shield":26,"minecraft:white_terracotta":2,"minecraft:iron_sword":21,"minecraft:mossy_stone_brick_slab":2,"minecraft:rotten_flesh":1,"minecraft:netherrack":330,"minecraft:torch":51,"minecraft:soul_sand":41,"minecraft:dirt":14,"minecraft:nether_bricks":70,"minecraft:allium":1,"minecraft:nether_brick_stairs":3,"minecraft:lava_bucket":13,"minecraft:lantern":1,"minecraft:oak_stairs":1,"minecraft:brick_stairs":2,"minecraft:stone_bricks":1,"minecraft:dark_oak_boat":4,"minecraft:sweet_berries":44,"minecraft:soul_soil":17,"minecraft:furnace":2,"minecraft:cooked_mutton":26,"minecraft:water_bucket":25,"minecraft:cobblestone_stairs":1,"minecraft:oak_planks":12,"minecraft:stone_pickaxe":141,"minecraft:wooden_pickaxe":3,"minecraft:cracked_stone_bricks":3,"minecraft:golden_apple":2,"minecraft:magenta_bed":3,"minecraft:crafting_table":8,"minecraft:blast_furnace":6,"minecraft:white_bed":5,"minecraft:stone_brick_wall":1,"minecraft:spruce_log":13,"minecraft:smoker":3,"minecraft:flower_pot":1,"minecraft:diamond_pickaxe":835,"minecraft:iron_pickaxe":286,"minecraft:spruce_sapling":3,"minecraft:stone_axe":133,"minecraft:diamond_sword":140,"minecraft:cobblestone":42,"minecraft:dark_oak_fence":3,"minecraft:andesite":1,"minecraft:bucket":39},"minecraft:killed":{"minecraft:spider":1,"minecraft:horse":3,"minecraft:skeleton":2,"minecraft:magma_cube":1,"minecraft:wolf":2,"minecraft:pig":7,"minecraft:salmon":15,"minecraft:creeper":2,"minecraft:sheep":21,"minecraft:zombie":4,"minecraft:glow_squid":1,"minecraft:wither_skeleton":16,"minecraft:blaze":19,"minecraft:cow":23},"minecraft:picked_up":{"minecraft:wooden_axe":1,"minecraft:crafting_table":6,"minecraft:allium":2,"minecraft:azure_bluet":1,"minecraft:flower_pot":1,"minecraft:nether_wart":95,"minecraft:nether_brick_fence":6,"minecraft:stone_slab":2,"minecraft:oak_stairs":1,"minecraft:stone_brick_wall":1,"minecraft:string":2,"minecraft:soul_soil":130,"minecraft:raw_copper":24,"minecraft:blue_orchid":1,"minecraft:cracked_stone_bricks":3,"minecraft:cobbled_deepslate":9,"minecraft:spruce_planks":17,"minecraft:beef":39,"minecraft:rose_bush":1,"minecraft:written_book":1,"minecraft:cobblestone_slab":1,"minecraft:sugar_cane":23,"minecraft:chest":3,"minecraft:furnace":2,"minecraft:raw_iron":59,"minecraft:torch":1,"minecraft:porkchop":16,"minecraft:stone_sword":1,"minecraft:arrow":2,"minecraft:rotten_flesh":4,"minecraft:peony":1,"minecraft:nether_bricks":136,"minecraft:white_terracotta":5,"minecraft:brick_stairs":2,"minecraft:blaze_rod":10,"minecraft:mutton":34,"minecraft:cobblestone":84,"minecraft:white_wool":18,"minecraft:bone_block":46,"minecraft:stripped_oak_log":1,"minecraft:feather":1,"minecraft:lilac":1,"minecraft:fern":1,"minecraft:salmon":15,"minecraft:glow_ink_sac":2,"minecraft:andesite":1,"minecraft:leather":22,"minecraft:brown_wool":2,"minecraft:dark_oak_boat":2,"minecraft:smoker":3,"minecraft:flint":1,"minecraft:oak_log":1,"minecraft:cobblestone_stairs":1,"minecraft:magenta_bed":4,"minecraft:wither_skeleton_skull":1,"minecraft:gunpowder":3,"minecraft:lapis_lazuli":36,"minecraft:dirt":14,"minecraft:lantern":1,"minecraft:cooked_mutton":8,"minecraft:bone":11,"minecraft:chipped_anvil":2,"minecraft:stone_bricks":1,"minecraft:wheat_seeds":6,"minecraft:raw_gold":6,"minecraft:oak_planks":9,"minecraft:soul_sand":100,"minecraft:sweet_berries":44,"minecraft:quartz":5,"minecraft:oak_pressure_plate":1,"minecraft:gravel":4,"minecraft:amethyst_shard":12,"minecraft:spruce_sapling":20,"minecraft:nether_brick_stairs":8,"minecraft:blast_furnace":6,"minecraft:white_bed":7,"minecraft:spruce_log":80,"minecraft:mossy_stone_brick_slab":2,"minecraft:oak_wood":10,"minecraft:purple_bed":1,"minecraft:diamond":9,"minecraft:lever":1,"minecraft:golden_apple":2,"minecraft:gray_wool":2,"minecraft:dark_oak_wood":6,"minecraft:oak_sapling":10,"minecraft:netherrack":711,"minecraft:coal":99,"minecraft:hopper":1},"minecraft:dropped":{"minecraft:nether_brick_stairs":5,"minecraft:iron_sword":1,"minecraft:wheat_seeds":4,"minecraft:feather":1,"minecraft:gray_wool":2,"minecraft:rose_bush":1,"minecraft:brown_wool":2,"minecraft:gravel":4,"minecraft:stone_axe":1,"minecraft:soul_soil":16,"minecraft:stone_sword":1,"minecraft:cobbled_deepslate":9,"minecraft:rotten_flesh":3,"minecraft:wither_skeleton_skull":1,"minecraft:stone_slab":2,"minecraft:cooked_mutton":11,"minecraft:azure_bluet":1,"minecraft:cobblestone_slab":1,"minecraft:gunpowder":3,"minecraft:arrow":2,"minecraft:stone_pickaxe":1,"minecraft:wooden_pickaxe":1,"minecraft:netherrack":273},"minecraft:mined":{"minecraft:diamond_ore":9,"minecraft:spruce_planks":17,"minecraft:white_bed":6,"minecraft:mossy_stone_brick_slab":2,"minecraft:cobblestone_stairs":1,"minecraft:nether_bricks":135,"minecraft:budding_amethyst":4,"minecraft:allium":2,"minecraft:stone_brick_wall":1,"minecraft:grass_block":2,"minecraft:brick_stairs":2,"minecraft:soul_soil":128,"minecraft:spruce_leaves":1,"minecraft:hopper":1,"minecraft:nether_wart":80,"minecraft:potted_fern":1,"minecraft:large_fern":5,"minecraft:furnace":2,"minecraft:iron_ore":52,"minecraft:fire":8,"minecraft:andesite":1,"minecraft:peony":1,"minecraft:nether_brick_stairs":8,"minecraft:azure_bluet":1,"minecraft:nether_brick_fence":7,"minecraft:cobblestone_slab":1,"minecraft:deepslate_iron_ore":4,"minecraft:oak_stairs":1,"minecraft:stripped_oak_log":1,"minecraft:pink_tulip":1,"minecraft:blue_orchid":1,"minecraft:stone":69,"minecraft:bone_block":47,"minecraft:soul_sand":97,"minecraft:smoker":3,"minecraft:soul_fire":12,"minecraft:amethyst_cluster":3,"minecraft:powder_snow":1,"minecraft:crafting_table":6,"minecraft:dark_oak_wood":6,"minecraft:blast_furnace":6,"minecraft:oak_wood":6,"minecraft:chest":3,"minecraft:rose_bush":1,"minecraft:stone_slab":2,"minecraft:nether_quartz_ore":5,"minecraft:tall_grass":25,"minecraft:copper_ore":6,"minecraft:cobblestone":6,"minecraft:lapis_ore":6,"minecraft:sugar_cane":5,"minecraft:oak_planks":9,"minecraft:wall_torch":2,"minecraft:white_terracotta":5,"minecraft:purple_bed":1,"minecraft:magenta_bed":4,"minecraft:sweet_berry_bush":32,"minecraft:lilac":1,"minecraft:spruce_log":6,"minecraft:mangrove_leaves":5,"minecraft:grass":12,"minecraft:oak_log":1,"minecraft:coal_ore":73,"minecraft:gravel":5,"minecraft:dirt":12,"minecraft:cracked_stone_bricks":3,"minecraft:stone_bricks":1,"minecraft:chipped_anvil":2,"minecraft:netherrack":750,"minecraft:gold_ore":6,"minecraft:oak_leaves":14,"minecraft:deepslate":9},"minecraft:broken":{"minecraft:stone_pickaxe":1,"minecraft:stone_axe":1,"minecraft:iron_pickaxe":1,"minecraft:stone_shovel":1},"minecraft:crafted":{"minecraft:oak_planks":28,"minecraft:stone_shovel":1,"minecraft:leather_boots":1,"minecraft:dark_oak_boat":3,"minecraft:furnace":3,"minecraft:cooked_mutton":34,"minecraft:flint_and_steel":1,"minecraft:dark_oak_fence":3,"minecraft:iron_boots":1,"minecraft:stone_pickaxe":2,"minecraft:chest":1,"minecraft:dark_oak_planks":24,"minecraft:smoker":1,"minecraft:diamond_sword":1,"minecraft:crafting_table":2,"minecraft:spruce_planks":268,"minecraft:wooden_pickaxe":1,"minecraft:iron_helmet":1,"minecraft:iron_sword":1,"minecraft:bucket":1,"minecraft:stone_axe":3,"minecraft:air":0,"minecraft:iron_chestplate":1,"minecraft:diamond_pickaxe":1,"minecraft:shield":1,"minecraft:stick":68,"minecraft:iron_ingot":59,"minecraft:iron_pickaxe":2,"minecraft:stone_sword":1,"minecraft:iron_shovel":1,"minecraft:iron_leggings":1,"minecraft:torch":60}},"DataVersion":3337}