{"stats":{"minecraft:custom":{"minecraft:interact_with_furnace":8,"minecraft:mob_kills":58,"minecraft:interact_with_crafting_table":15,"minecraft:time_since_death":40555,"minecraft:sleep_in_bed":3,"minecraft:time_since_rest":6752,"minecraft:sprint_one_cm":138422,"minecraft:damage_taken":447,"minecraft:walk_one_cm":113555,"minecraft:drop":3,"minecraft:damage_dealt":6314,"minecraft:swim_one_cm":30781,"minecraft:fly_one_cm":172636,"minecraft:crouch_one_cm":3225,"minecraft:play_time":42000,"minecraft:deaths":1,"minecraft:sneak_time":1075,"minecraft:walk_under_water_one_cm":12033,"minecraft:jump":884,"minecraft:walk_on_water_one_cm":15392,"minecraft:interact_with_smoker":9,"minecraft:total_world_time":42000,"minecraft:fall_one_cm":20672},"minecraft:used":{"minecraft:cooked_mutton":2,"minecraft:stone_sword":86,"minecraft:stone_pickaxe":137,"minecraft:oak_planks":12,"minecraft:wooden_pickaxe":3,"minecraft:torch":12,"minecraft:golden_apple":1,"minecraft:dirt":6,"minecraft:crafting_table":3,"minecraft:allium":1,"minecraft:white_bed":3,"minecraft:smoker":1,"minecraft:iron_pickaxe":2,"minecraft:stone_axe":73,"minecraft:cobblestone":6,"minecraft:sweet_berries":44,"minecraft:furnace":1},"minecraft:killed":{"minecraft:wolf":2,"minecraft:pig":7,"minecraft:spider":1,"minecraft:creeper":2,"minecraft:sheep":21,"minecraft:horse":3,"minecraft:cow":23},"minecraft:picked_up":{"minecraft:crafting_table":2,"minecraft:allium":2,"minecraft:feather":1,"minecraft:azure_bluet":1,"minecraft:lilac":1,"minecraft:glow_ink_sac":1,"minecraft:brown_wool":2,"minecraft:leather":22,"minecraft:stone_slab":2,"minecraft:gunpowder":3,"minecraft:string":2,"minecraft:dirt":6,"minecraft:blue_orchid":1,"minecraft:wheat_seeds":3,"minecraft:beef":39,"minecraft:rose_bush":1,"minecraft:cobblestone_slab":1,"minecraft:sugar_cane":23,"minecraft:oak_planks":9,"minecraft:raw_iron":24,"minecraft:sweet_berries":44,"minecraft:gravel":1,"minecraft:porkchop":16,"minecraft:amethyst_shard":12,"minecraft:white_bed":3,"minecraft:spruce_log":2,"minecraft:oak_wood":10,"minecraft:golden_apple":1,"minecraft:gray_wool":2,"minecraft:oak_sapling":10,"minecraft:mutton":34,"minecraft:coal":57,"minecraft:white_wool":18,"minecraft:cobblestone":47},"minecraft:dropped":{"minecraft:stone_axe":1,"minecraft:stone_sword":1,"minecraft:wooden_pickaxe":1},"minecraft:mined":{"minecraft:white_bed":2,"minecraft:amethyst_cluster":3,"minecraft:powder_snow":1,"minecraft:crafting_table":2,"minecraft:budding_amethyst":4,"minecraft:allium":2,"minecraft:oak_wood":6,"minecraft:grass_block":2,"minecraft:rose_bush":1,"minecraft:stone_slab":2,"minecraft:tall_grass":19,"minecraft:oak_planks":9,"minecraft:sugar_cane":5,"minecraft:large_fern":5,"minecraft:iron_ore":21,"minecraft:sweet_berry_bush":32,"minecraft:lilac":1,"minecraft:spruce_log":2,"minecraft:mangrove_leaves":5,"minecraft:azure_bluet":1,"minecraft:grass":4,"minecraft:coal_ore":57,"minecraft:cobblestone_slab":1,"minecraft:gravel":1,"minecraft:dirt":4,"minecraft:stone":46,"minecraft:blue_orchid":1,"minecraft:oak_leaves":14},"minecraft:broken":{"minecraft:stone_pickaxe":1},"minecraft:crafted":{"minecraft:oak_planks":24,"minecraft:stone_shovel":1,"minecraft:leather_boots":1,"minecraft:crafting_table":1,"minecraft:spruce_planks":8,"minecraft:wooden_pickaxe":1,"minecraft:iron_sword":1,"minecraft:furnace":2,"minecraft:bucket":1,"minecraft:stone_axe":2,"minecraft:cooked_mutton":34,"minecraft:air":0,"minecraft:shield":1,"minecraft:stick":28,"minecraft:iron_ingot":12,"minecraft:iron_pickaxe":1,"minecraft:stone_pickaxe":2,"minecraft:stone_sword":1,"minecraft:torch":12,"minecraft:smoker":1}},"DataVersion":3337}