{"stats":{"minecraft:custom":{"minecraft:interact_with_furnace":24,"minecraft:mob_kills":65,"minecraft:interact_with_crafting_table":25,"minecraft:time_since_death":64555,"minecraft:sleep_in_bed":4,"minecraft:time_since_rest":2847,"minecraft:sprint_one_cm":194247,"minecraft:damage_taken":758,"minecraft:walk_one_cm":175359,"minecraft:damage_blocked_by_shield":1005,"minecraft:drop":38,"minecraft:damage_dealt":7701,"minecraft:swim_one_cm":38778,"minecraft:fly_one_cm":224339,"minecraft:crouch_one_cm":6293,"minecraft:play_time":66000,"minecraft:deaths":1,"minecraft:sneak_time":2868,"minecraft:walk_under_water_one_cm":32356,"minecraft:jump":1244,"minecraft:walk_on_water_one_cm":33370,"minecraft:interact_with_smoker":11,"minecraft:total_world_time":66000,"minecraft:fall_one_cm":27769},"minecraft:used":{"minecraft:water_bucket":25,"minecraft:cooked_mutton":7,"minecraft:stone_sword":86,"minecraft:flint_and_steel":1,"minecraft:stone_shovel":4,"minecraft:stone_pickaxe":141,"minecraft:oak_planks":12,"minecraft:shield":13,"minecraft:wooden_pickaxe":3,"minecraft:iron_sword":21,"minecraft:torch":49,"minecraft:golden_apple":1,"minecraft:dirt":6,"minecraft:crafting_table":4,"minecraft:allium":1,"minecraft:white_bed":3,"minecraft:smoker":1,"minecraft:lava_bucket":13,"minecraft:iron_pickaxe":155,"minecraft:stone_axe":80,"minecraft:cobblestone":23,"minecraft:sweet_berries":44,"minecraft:furnace":2,"minecraft:bucket":39},"minecraft:killed":{"minecraft:wolf":2,"minecraft:pig":7,"minecraft:spider":1,"minecraft:creeper":2,"minecraft:skeleton":2,"minecraft:sheep":21,"minecraft:horse":3,"minecraft:zombie":4,"minecraft:glow_squid":1,"minecraft:cow":23},"minecraft:picked_up":{"minecraft:crafting_table":4,"minecraft:allium":2,"minecraft:feather":1,"minecraft:azure_bluet":1,"minecraft:lilac":1,"minecraft:glow_ink_sac":2,"minecraft:brown_wool":2,"minecraft:leather":22,"minecraft:stone_slab":2,"minecraft:smoker":1,"minecraft:flint":1,"minecraft:gunpowder":3,"minecraft:lapis_lazuli":36,"minecraft:string":2,"minecraft:dirt":6,"minecraft:raw_copper":24,"minecraft:blue_orchid":1,"minecraft:wheat_seeds":4,"minecraft:cobbled_deepslate":9,"minecraft:raw_gold":6,"minecraft:beef":39,"minecraft:rose_bush":1,"minecraft:cobblestone_slab":1,"minecraft:sugar_cane":23,"minecraft:oak_planks":9,"minecraft:furnace":2,"minecraft:raw_iron":59,"minecraft:sweet_berries":44,"minecraft:torch":1,"minecraft:gravel":4,"minecraft:porkchop":16,"minecraft:amethyst_shard":12,"minecraft:white_bed":4,"minecraft:spruce_log":2,"minecraft:oak_wood":10,"minecraft:arrow":2,"minecraft:rotten_flesh":3,"minecraft:diamond":9,"minecraft:golden_apple":1,"minecraft:gray_wool":2,"minecraft:netherrack":33,"minecraft:oak_sapling":10,"minecraft:bone_block":5,"minecraft:mutton":34,"minecraft:coal":95,"minecraft:white_wool":18,"minecraft:cobblestone":78},"minecraft:dropped":{"minecraft:gravel":4,"minecraft:stone_axe":1,"minecraft:wheat_seeds":4,"minecraft:stone_sword":1,"minecraft:cobbled_deepslate":9,"minecraft:feather":1,"minecraft:rotten_flesh":3,"minecraft:stone_slab":2,"minecraft:azure_bluet":1,"minecraft:cobblestone_slab":1,"minecraft:gray_wool":2,"minecraft:gunpowder":3,"minecraft:rose_bush":1,"minecraft:brown_wool":2,"minecraft:arrow":2,"minecraft:wooden_pickaxe":1},"minecraft:mined":{"minecraft:diamond_ore":9,"minecraft:white_bed":3,"minecraft:smoker":1,"minecraft:amethyst_cluster":3,"minecraft:powder_snow":1,"minecraft:crafting_table":4,"minecraft:budding_amethyst":4,"minecraft:allium":2,"minecraft:oak_wood":6,"minecraft:grass_block":2,"minecraft:rose_bush":1,"minecraft:stone_slab":2,"minecraft:copper_ore":6,"minecraft:tall_grass":20,"minecraft:cobblestone":1,"minecraft:lapis_ore":6,"minecraft:oak_planks":9,"minecraft:sugar_cane":5,"minecraft:large_fern":5,"minecraft:furnace":2,"minecraft:iron_ore":52,"minecraft:sweet_berry_bush":32,"minecraft:lilac":1,"minecraft:spruce_log":2,"minecraft:mangrove_leaves":5,"minecraft:azure_bluet":1,"minecraft:grass":4,"minecraft:coal_ore":73,"minecraft:deepslate_iron_ore":4,"minecraft:cobblestone_slab":1,"minecraft:gravel":5,"minecraft:dirt":4,"minecraft:stone":68,"minecraft:blue_orchid":1,"minecraft:netherrack":38,"minecraft:bone_block":5,"minecraft:gold_ore":6,"minecraft:deepslate":9,"minecraft:oak_leaves":14},"minecraft:broken":{"minecraft:stone_pickaxe":1},"minecraft:crafted":{"minecraft:oak_planks":24,"minecraft:stone_shovel":1,"minecraft:diamond_sword":1,"minecraft:leather_boots":1,"minecraft:crafting_table":1,"minecraft:spruce_planks":8,"minecraft:iron_helmet":1,"minecraft:wooden_pickaxe":1,"minecraft:iron_sword":1,"minecraft:furnace":3,"minecraft:bucket":1,"minecraft:stone_axe":2,"minecraft:cooked_mutton":34,"minecraft:air":0,"minecraft:flint_and_steel":1,"minecraft:iron_boots":1,"minecraft:iron_chestplate":1,"minecraft:diamond_pickaxe":1,"minecraft:shield":1,"minecraft:stick":32,"minecraft:iron_ingot":59,"minecraft:iron_pickaxe":1,"minecraft:stone_pickaxe":2,"minecraft:stone_sword":1,"minecraft:iron_leggings":1,"minecraft:torch":52,"minecraft:smoker":1}},"DataVersion":3337}