{"stats":{"minecraft:custom":{"minecraft:mob_kills":55,"minecraft:interact_with_crafting_table":7,"minecraft:time_since_death":28555,"minecraft:sleep_in_bed":2,"minecraft:time_since_rest":8158,"minecraft:sprint_one_cm":120253,"minecraft:damage_taken":387,"minecraft:walk_one_cm":84922,"minecraft:drop":1,"minecraft:damage_dealt":5795,"minecraft:swim_one_cm":22440,"minecraft:fly_one_cm":152130,"minecraft:crouch_one_cm":1845,"minecraft:play_time":30000,"minecraft:deaths":1,"minecraft:sneak_time":645,"minecraft:walk_under_water_one_cm":5403,"minecraft:jump":753,"minecraft:walk_on_water_one_cm":6811,"minecraft:total_world_time":30000,"minecraft:fall_one_cm":18940},"minecraft:used":{"minecraft:stone_sword":86,"minecraft:stone_pickaxe":111,"minecraft:oak_planks":6,"minecraft:wooden_pickaxe":3,"minecraft:golden_apple":1,"minecraft:dirt":6,"minecraft:crafting_table":3,"minecraft:allium":1,"minecraft:white_bed":2,"minecraft:smoker":1,"minecraft:stone_axe":56,"minecraft:cobblestone":6,"minecraft:sweet_berries":44},"minecraft:killed":{"minecraft:wolf":2,"minecraft:pig":7,"minecraft:sheep":21,"minecraft:horse":3,"minecraft:cow":23},"minecraft:picked_up":{"minecraft:crafting_table":2,"minecraft:allium":2,"minecraft:feather":1,"minecraft:azure_bluet":1,"minecraft:lilac":1,"minecraft:brown_wool":2,"minecraft:leather":22,"minecraft:stone_slab":2,"minecraft:dirt":6,"minecraft:blue_orchid":1,"minecraft:wheat_seeds":3,"minecraft:beef":39,"minecraft:rose_bush":1,"minecraft:cobblestone_slab":1,"minecraft:sugar_cane":23,"minecraft:raw_iron":8,"minecraft:sweet_berries":44,"minecraft:gravel":1,"minecraft:porkchop":16,"minecraft:amethyst_shard":12,"minecraft:white_bed":3,"minecraft:spruce_log":2,"minecraft:oak_wood":10,"minecraft:golden_apple":1,"minecraft:gray_wool":2,"minecraft:oak_sapling":10,"minecraft:mutton":34,"minecraft:coal":51,"minecraft:white_wool":18,"minecraft:cobblestone":41},"minecraft:dropped":{"minecraft:wooden_pickaxe":1},"minecraft:mined":{"minecraft:white_bed":2,"minecraft:amethyst_cluster":3,"minecraft:powder_snow":1,"minecraft:crafting_table":2,"minecraft:allium":2,"minecraft:oak_wood":6,"minecraft:grass_block":2,"minecraft:rose_bush":1,"minecraft:stone_slab":2,"minecraft:tall_grass":19,"minecraft:sugar_cane":5,"minecraft:large_fern":5,"minecraft:iron_ore":8,"minecraft:sweet_berry_bush":32,"minecraft:lilac":1,"minecraft:spruce_log":2,"minecraft:mangrove_leaves":5,"minecraft:azure_bluet":1,"minecraft:grass":4,"minecraft:coal_ore":51,"minecraft:cobblestone_slab":1,"minecraft:gravel":1,"minecraft:dirt":4,"minecraft:stone":41,"minecraft:blue_orchid":1,"minecraft:oak_leaves":14},"minecraft:crafted":{"minecraft:oak_planks":20,"minecraft:leather_boots":1,"minecraft:crafting_table":1,"minecraft:spruce_planks":8,"minecraft:wooden_pickaxe":1,"minecraft:furnace":1,"minecraft:stone_axe":1,"minecraft:stick":8,"minecraft:stone_pickaxe":1,"minecraft:stone_sword":1,"minecraft:smoker":1}},"DataVersion":3337}