{"stats":{"minecraft:used":{"minecraft:stone_sword":65,"minecraft:stone_pickaxe":45,"minecraft:wooden_pickaxe":3,"minecraft:stone_axe":1,"minecraft:sweet_berries":18,"minecraft:crafting_table":1,"minecraft:allium":1,"minecraft:white_bed":1},"minecraft:custom":{"minecraft:time_since_rest":3129,"minecraft:sprint_one_cm":45294,"minecraft:damage_taken":160,"minecraft:walk_one_cm":41465,"minecraft:mob_kills":14,"minecraft:drop":1,"minecraft:damage_dealt":1975,"minecraft:interact_with_crafting_table":4,"minecraft:swim_one_cm":6072,"minecraft:fly_one_cm":58507,"minecraft:crouch_one_cm":303,"minecraft:play_time":12000,"minecraft:deaths":1,"minecraft:sneak_time":70,"minecraft:walk_under_water_one_cm":826,"minecraft:jump":287,"minecraft:walk_on_water_one_cm":1285,"minecraft:time_since_death":10555,"minecraft:sleep_in_bed":1,"minecraft:total_world_time":12000,"minecraft:fall_one_cm":7087},"minecraft:killed":{"minecraft:sheep":8,"minecraft:horse":3,"minecraft:wolf":1,"minecraft:pig":2,"minecraft:cow":1},"minecraft:picked_up":{"minecraft:crafting_table":1,"minecraft:lilac":1,"minecraft:allium":2,"minecraft:feather":1,"minecraft:sweet_berries":44,"minecraft:leather":3,"minecraft:brown_wool":2,"minecraft:stone_slab":2,"minecraft:gravel":1,"minecraft:porkchop":5,"minecraft:white_bed":2,"minecraft:spruce_log":2,"minecraft:dirt":1,"minecraft:oak_wood":5,"minecraft:blue_orchid":1,"minecraft:wheat_seeds":2,"minecraft:gray_wool":1,"minecraft:rose_bush":1,"minecraft:cobblestone_slab":1,"minecraft:oak_sapling":9,"minecraft:sugar_cane":10,"minecraft:mutton":12,"minecraft:coal":12,"minecraft:white_wool":5,"minecraft:cobblestone":28},"minecraft:dropped":{"minecraft:wooden_pickaxe":1},"minecraft:mined":{"minecraft:large_fern":5,"minecraft:white_bed":1,"minecraft:sweet_berry_bush":31,"minecraft:lilac":1,"minecraft:spruce_log":2,"minecraft:mangrove_leaves":5,"minecraft:crafting_table":1,"minecraft:grass":3,"minecraft:allium":2,"minecraft:oak_wood":5,"minecraft:coal_ore":12,"minecraft:cobblestone_slab":1,"minecraft:rose_bush":1,"minecraft:dirt":1,"minecraft:gravel":1,"minecraft:stone_slab":2,"minecraft:tall_grass":8,"minecraft:blue_orchid":1,"minecraft:stone":28,"minecraft:sugar_cane":3,"minecraft:oak_leaves":6},"minecraft:crafted":{"minecraft:oak_planks":20,"minecraft:crafting_table":1,"minecraft:spruce_planks":8,"minecraft:stick":8,"minecraft:wooden_pickaxe":1,"minecraft:stone_pickaxe":1,"minecraft:stone_sword":1,"minecraft:stone_axe":1}},"DataVersion":3337}