{"stats":{"minecraft:custom":{"minecraft:mob_kills":91,"minecraft:interact_with_crafting_table":16,"minecraft:leave_game":1,"minecraft:time_since_death":322,"minecraft:sprint_one_cm":218586,"minecraft:walk_one_cm":168477,"minecraft:damage_blocked_by_shield":1950,"minecraft:drop":33,"minecraft:play_time":99414,"minecraft:deaths":5,"minecraft:sneak_time":16319,"minecraft:walk_under_water_one_cm":6881,"minecraft:jump":3028,"minecraft:walk_on_water_one_cm":50190,"minecraft:total_world_time":99414,"minecraft:interact_with_furnace":16,"minecraft:sleep_in_bed":7,"minecraft:time_since_rest":342,"minecraft:damage_taken":3454,"minecraft:damage_dealt":11030,"minecraft:swim_one_cm":53248,"minecraft:fly_one_cm":604433,"minecraft:open_chest":5,"minecraft:crouch_one_cm":34835,"minecraft:interact_with_smoker":5,"minecraft:fall_one_cm":94720},"minecraft:used":{"minecraft:stone_sword":19,"minecraft:shield":27,"minecraft:stone_hoe":51,"minecraft:torch":3,"minecraft:dirt":10,"minecraft:mutton":19,"minecraft:oak_wood":1,"minecraft:granite":3,"minecraft:golden_sword":59,"minecraft:sweet_berries":3,"minecraft:furnace":3,"minecraft:cooked_beef":10,"minecraft:water_bucket":1,"minecraft:stone_pickaxe":131,"minecraft:wooden_pickaxe":13,"minecraft:crafting_table":8,"minecraft:white_bed":11,"minecraft:smoker":1,"minecraft:diamond_pickaxe":15,"minecraft:bread":16,"minecraft:iron_pickaxe":72,"minecraft:stone_axe":180,"minecraft:cobblestone":24,"minecraft:bucket":2},"minecraft:killed":{"minecraft:spider":3,"minecraft:skeleton":1,"minecraft:llama":3,"minecraft:pig":5,"minecraft:zombie_villager":1,"minecraft:sheep":9,"minecraft:goat":3,"minecraft:zombie":7,"minecraft:cow":57},"minecraft:picked_up":{"minecraft:iron_chestplate":1,"minecraft:crafting_table":8,"minecraft:allium":2,"minecraft:brown_mushroom":8,"minecraft:shield":1,"minecraft:golden_sword":1,"minecraft:iron_leggings":1,"minecraft:cobbled_deepslate":10,"minecraft:beef":234,"minecraft:rose_bush":1,"minecraft:written_book":3,"minecraft:poppy":2,"minecraft:iron_pickaxe":1,"minecraft:sugar_cane":169,"minecraft:furnace":3,"minecraft:dark_oak_sapling":10,"minecraft:stick":7,"minecraft:raw_iron":47,"minecraft:torch":1,"minecraft:porkchop":16,"minecraft:stone_sword":2,"minecraft:arrow":3,"minecraft:rotten_flesh":12,"minecraft:hay_block":50,"minecraft:mutton":34,"minecraft:obsidian":14,"minecraft:white_wool":11,"minecraft:cobblestone":92,"minecraft:cooked_beef":30,"minecraft:water_bucket":1,"minecraft:andesite":2,"minecraft:leather":104,"minecraft:smoker":2,"minecraft:red_mushroom":11,"minecraft:cobblestone_wall":4,"minecraft:lapis_lazuli":60,"minecraft:dirt":44,"minecraft:leather_boots":1,"minecraft:bone":2,"minecraft:spore_blossom":1,"minecraft:raw_gold":2,"minecraft:cobbled_deepslate_slab":3,"minecraft:birch_wood":39,"minecraft:spruce_wood":4,"minecraft:stone_pickaxe":1,"minecraft:sweet_berries":71,"minecraft:spruce_sapling":10,"minecraft:white_bed":10,"minecraft:spruce_log":81,"minecraft:dark_oak_log":50,"minecraft:spider_eye":3,"minecraft:leather_helmet":1,"minecraft:oak_wood":34,"minecraft:diamond":16,"minecraft:stone_axe":2,"minecraft:granite":6,"minecraft:oak_sapling":16,"minecraft:coal":84},"minecraft:dropped":{"minecraft:brown_mushroom":6,"minecraft:spore_blossom":1,"minecraft:red_mushroom":6,"minecraft:rose_bush":1,"minecraft:cobbled_deepslate":10,"minecraft:cobblestone_wall":4,"minecraft:rotten_flesh":12,"minecraft:cobbled_deepslate_slab":3,"minecraft:white_bed":1,"minecraft:recovery_compass":4,"minecraft:poppy":2,"minecraft:allium":1,"minecraft:andesite":2,"minecraft:spider_eye":1,"minecraft:raw_gold":1,"minecraft:written_book":3},"minecraft:killed_by":{"minecraft:creeper":1,"minecraft:enderman":1,"minecraft:skeleton":1,"minecraft:zombie":1},"minecraft:mined":{"minecraft:white_bed":9,"minecraft:dark_oak_leaves":3,"minecraft:deepslate_diamond_ore":13,"minecraft:dark_oak_log":12,"minecraft:obsidian":15,"minecraft:granite":3,"minecraft:allium":1,"minecraft:grass_block":7,"minecraft:spruce_leaves":13,"minecraft:red_mushroom":4,"minecraft:large_fern":1,"minecraft:hay_block":51,"minecraft:spruce_sapling":1,"minecraft:furnace":3,"minecraft:iron_ore":33,"minecraft:deepslate_lapis_ore":5,"minecraft:deepslate_iron_ore":10,"minecraft:spruce_wood":2,"minecraft:stone":63,"minecraft:brown_mushroom":4,"minecraft:smoker":2,"minecraft:crafting_table":7,"minecraft:oak_wood":4,"minecraft:poppy":2,"minecraft:rose_bush":1,"minecraft:cobblestone":5,"minecraft:tall_grass":3,"minecraft:birch_wood":39,"minecraft:lapis_ore":3,"minecraft:deepslate_gold_ore":1,"minecraft:sugar_cane":30,"minecraft:sweet_berry_bush":3,"minecraft:ice":11,"minecraft:spruce_log":18,"minecraft:mangrove_leaves":1,"minecraft:grass":3,"minecraft:coal_ore":44,"minecraft:dark_oak_sapling":2,"minecraft:dirt":18,"minecraft:deepslate":3},"minecraft:broken":{"minecraft:stone_pickaxe":1,"minecraft:leather_boots":1,"minecraft:stone_axe":2},"minecraft:crafted":{"minecraft:oak_planks":4,"minecraft:furnace":1,"minecraft:stone_pickaxe":1,"minecraft:dark_oak_planks":4,"minecraft:stone_hoe":1,"minecraft:cooked_beef":26,"minecraft:crafting_table":2,"minecraft:spruce_planks":28,"minecraft:wooden_pickaxe":1,"minecraft:bucket":1,"minecraft:stone_axe":3,"minecraft:air":0,"minecraft:iron_chestplate":1,"minecraft:diamond_pickaxe":1,"minecraft:shield":1,"minecraft:stick":20,"minecraft:iron_ingot":35,"minecraft:iron_pickaxe":1,"minecraft:stone_sword":1,"minecraft:iron_leggings":1,"minecraft:white_bed":3,"minecraft:torch":4}},"DataVersion":3337}