{"stats":{"minecraft:used":{"minecraft:stone_sword":8,"minecraft:stone_pickaxe":39,"minecraft:wooden_pickaxe":13,"minecraft:crafting_table":4,"minecraft:white_bed":3,"minecraft:stone_axe":129,"minecraft:furnace":1,"minecraft:cooked_beef":5},"minecraft:custom":{"minecraft:interact_with_furnace":6,"minecraft:mob_kills":74,"minecraft:interact_with_crafting_table":8,"minecraft:time_since_death":27699,"minecraft:sleep_in_bed":3,"minecraft:time_since_rest":6417,"minecraft:sprint_one_cm":74155,"minecraft:damage_taken":605,"minecraft:walk_one_cm":68749,"minecraft:drop":2,"minecraft:damage_dealt":7830,"minecraft:swim_one_cm":7333,"minecraft:fly_one_cm":192102,"minecraft:crouch_one_cm":9518,"minecraft:play_time":30000,"minecraft:deaths":1,"minecraft:sneak_time":4225,"minecraft:walk_under_water_one_cm":1128,"minecraft:jump":1056,"minecraft:walk_on_water_one_cm":3931,"minecraft:total_world_time":30000,"minecraft:fall_one_cm":31997},"minecraft:killed":{"minecraft:pig":5,"minecraft:sheep":9,"minecraft:goat":3,"minecraft:llama":3,"minecraft:cow":53},"minecraft:picked_up":{"minecraft:crafting_table":4,"minecraft:allium":1,"minecraft:cooked_beef":5,"minecraft:leather":48,"minecraft:dirt":21,"minecraft:spore_blossom":1,"minecraft:spruce_wood":2,"minecraft:beef":118,"minecraft:sugar_cane":4,"minecraft:furnace":1,"minecraft:dark_oak_sapling":5,"minecraft:stick":1,"minecraft:sweet_berries":15,"minecraft:porkchop":8,"minecraft:spruce_sapling":5,"minecraft:white_bed":3,"minecraft:spruce_log":45,"minecraft:dark_oak_log":25,"minecraft:oak_wood":17,"minecraft:oak_sapling":8,"minecraft:mutton":13,"minecraft:coal":6,"minecraft:white_wool":9,"minecraft:cobblestone":22},"minecraft:dropped":{"minecraft:spore_blossom":1,"minecraft:white_bed":1},"minecraft:mined":{"minecraft:white_bed":3,"minecraft:dark_oak_leaves":3,"minecraft:dark_oak_log":12,"minecraft:crafting_table":4,"minecraft:allium":1,"minecraft:oak_wood":3,"minecraft:grass_block":6,"minecraft:tall_grass":2,"minecraft:cobblestone":1,"minecraft:spruce_leaves":12,"minecraft:sugar_cane":2,"minecraft:large_fern":1,"minecraft:spruce_sapling":1,"minecraft:furnace":1,"minecraft:ice":2,"minecraft:spruce_log":18,"minecraft:mangrove_leaves":1,"minecraft:grass":2,"minecraft:coal_ore":6,"minecraft:dark_oak_sapling":2,"minecraft:dirt":15,"minecraft:spruce_wood":2,"minecraft:stone":21},"minecraft:broken":{"minecraft:stone_axe":2},"minecraft:crafted":{"minecraft:cooked_beef":2,"minecraft:oak_planks":4,"minecraft:crafting_table":1,"minecraft:spruce_planks":20,"minecraft:wooden_pickaxe":1,"minecraft:furnace":1,"minecraft:stone_axe":3,"minecraft:air":0,"minecraft:stick":16,"minecraft:stone_pickaxe":1,"minecraft:stone_sword":1,"minecraft:white_bed":3}},"DataVersion":3337}