{"stats":{"minecraft:used":{"minecraft:stone_sword":10,"minecraft:stone_pickaxe":124,"minecraft:wooden_pickaxe":13,"minecraft:dirt":2,"minecraft:crafting_table":4,"minecraft:white_bed":7,"minecraft:stone_axe":129,"minecraft:furnace":2,"minecraft:cooked_beef":6},"minecraft:custom":{"minecraft:interact_with_furnace":9,"minecraft:mob_kills":74,"minecraft:interact_with_crafting_table":8,"minecraft:leave_game":1,"minecraft:time_since_death":1019,"minecraft:sleep_in_bed":4,"minecraft:time_since_rest":1039,"minecraft:sprint_one_cm":90684,"minecraft:damage_taken":920,"minecraft:walk_one_cm":82288,"minecraft:drop":5,"minecraft:damage_dealt":7930,"minecraft:swim_one_cm":32270,"minecraft:fly_one_cm":217462,"minecraft:crouch_one_cm":14668,"minecraft:play_time":39467,"minecraft:deaths":2,"minecraft:sneak_time":7558,"minecraft:walk_under_water_one_cm":1678,"minecraft:jump":1229,"minecraft:walk_on_water_one_cm":6454,"minecraft:total_world_time":39467,"minecraft:fall_one_cm":36797},"minecraft:killed":{"minecraft:pig":5,"minecraft:sheep":9,"minecraft:goat":3,"minecraft:llama":3,"minecraft:cow":53},"minecraft:picked_up":{"minecraft:crafting_table":5,"minecraft:allium":2,"minecraft:cooked_beef":6,"minecraft:leather":96,"minecraft:lapis_lazuli":26,"minecraft:dirt":40,"minecraft:spore_blossom":1,"minecraft:spruce_wood":4,"minecraft:stone_pickaxe":1,"minecraft:beef":229,"minecraft:written_book":1,"minecraft:sugar_cane":80,"minecraft:furnace":1,"minecraft:dark_oak_sapling":10,"minecraft:stick":7,"minecraft:raw_iron":24,"minecraft:sweet_berries":30,"minecraft:porkchop":16,"minecraft:spruce_sapling":10,"minecraft:white_bed":7,"minecraft:spruce_log":81,"minecraft:dark_oak_log":50,"minecraft:oak_wood":33,"minecraft:stone_sword":1,"minecraft:stone_axe":1,"minecraft:granite":6,"minecraft:oak_sapling":16,"minecraft:mutton":26,"minecraft:coal":82,"minecraft:white_wool":9,"minecraft:cobblestone":68},"minecraft:dropped":{"minecraft:spore_blossom":1,"minecraft:white_bed":1,"minecraft:recovery_compass":1,"minecraft:allium":1,"minecraft:written_book":1},"minecraft:killed_by":{"minecraft:skeleton":1},"minecraft:mined":{"minecraft:white_bed":6,"minecraft:dark_oak_leaves":3,"minecraft:dark_oak_log":12,"minecraft:crafting_table":4,"minecraft:granite":3,"minecraft:allium":1,"minecraft:oak_wood":3,"minecraft:grass_block":6,"minecraft:tall_grass":2,"minecraft:cobblestone":1,"minecraft:spruce_leaves":12,"minecraft:lapis_ore":3,"minecraft:sugar_cane":10,"minecraft:large_fern":1,"minecraft:spruce_sapling":1,"minecraft:furnace":1,"minecraft:iron_ore":20,"minecraft:ice":2,"minecraft:spruce_log":18,"minecraft:mangrove_leaves":1,"minecraft:grass":2,"minecraft:coal_ore":42,"minecraft:dark_oak_sapling":2,"minecraft:dirt":15,"minecraft:spruce_wood":2,"minecraft:stone":44},"minecraft:broken":{"minecraft:stone_axe":2},"minecraft:crafted":{"minecraft:cooked_beef":2,"minecraft:oak_planks":4,"minecraft:crafting_table":1,"minecraft:spruce_planks":20,"minecraft:wooden_pickaxe":1,"minecraft:furnace":1,"minecraft:stone_axe":3,"minecraft:air":0,"minecraft:stick":16,"minecraft:iron_ingot":16,"minecraft:stone_pickaxe":1,"minecraft:stone_sword":1,"minecraft:white_bed":3}},"DataVersion":3337}