{"stats":{"minecraft:used":{"minecraft:water_bucket":1,"minecraft:stone_sword":19,"minecraft:stone_pickaxe":131,"minecraft:shield":9,"minecraft:wooden_pickaxe":13,"minecraft:stone_hoe":51,"minecraft:torch":3,"minecraft:dirt":10,"minecraft:mutton":4,"minecraft:crafting_table":8,"minecraft:oak_wood":1,"minecraft:white_bed":11,"minecraft:granite":3,"minecraft:diamond_pickaxe":15,"minecraft:bread":16,"minecraft:iron_pickaxe":58,"minecraft:stone_axe":180,"minecraft:golden_sword":44,"minecraft:cobblestone":24,"minecraft:sweet_berries":3,"minecraft:furnace":3,"minecraft:bucket":1,"minecraft:cooked_beef":7},"minecraft:custom":{"minecraft:interact_with_furnace":16,"minecraft:mob_kills":88,"minecraft:interact_with_crafting_table":16,"minecraft:leave_game":1,"minecraft:time_since_death":49019,"minecraft:sleep_in_bed":7,"minecraft:time_since_rest":9574,"minecraft:sprint_one_cm":191754,"minecraft:damage_taken":1927,"minecraft:walk_one_cm":146405,"minecraft:damage_blocked_by_shield":720,"minecraft:drop":11,"minecraft:damage_dealt":10439,"minecraft:swim_one_cm":52389,"minecraft:fly_one_cm":526593,"minecraft:open_chest":5,"minecraft:crouch_one_cm":33910,"minecraft:play_time":87467,"minecraft:deaths":2,"minecraft:sneak_time":15867,"minecraft:walk_under_water_one_cm":6651,"minecraft:jump":2625,"minecraft:walk_on_water_one_cm":40317,"minecraft:total_world_time":87467,"minecraft:fall_one_cm":82128},"minecraft:killed":{"minecraft:pig":5,"minecraft:zombie_villager":1,"minecraft:spider":1,"minecraft:sheep":9,"minecraft:goat":3,"minecraft:zombie":7,"minecraft:llama":3,"minecraft:cow":57},"minecraft:picked_up":{"minecraft:crafting_table":8,"minecraft:allium":2,"minecraft:cooked_beef":6,"minecraft:leather":104,"minecraft:red_mushroom":1,"minecraft:smoker":1,"minecraft:lapis_lazuli":39,"minecraft:dirt":44,"minecraft:bone":1,"minecraft:cobbled_deepslate":7,"minecraft:birch_wood":39,"minecraft:rose_bush":1,"minecraft:spore_blossom":1,"minecraft:spruce_wood":4,"minecraft:stone_pickaxe":1,"minecraft:beef":234,"minecraft:written_book":1,"minecraft:poppy":2,"minecraft:sugar_cane":169,"minecraft:furnace":3,"minecraft:dark_oak_sapling":10,"minecraft:stick":7,"minecraft:raw_iron":43,"minecraft:sweet_berries":71,"minecraft:porkchop":16,"minecraft:spruce_sapling":10,"minecraft:white_bed":10,"minecraft:spruce_log":81,"minecraft:spider_eye":1,"minecraft:dark_oak_log":50,"minecraft:oak_wood":34,"minecraft:stone_sword":1,"minecraft:arrow":1,"minecraft:rotten_flesh":4,"minecraft:diamond":9,"minecraft:stone_axe":1,"minecraft:hay_block":50,"minecraft:granite":6,"minecraft:oak_sapling":16,"minecraft:obsidian":14,"minecraft:mutton":29,"minecraft:coal":84,"minecraft:white_wool":11,"minecraft:cobblestone":92},"minecraft:dropped":{"minecraft:cobbled_deepslate":6,"minecraft:spore_blossom":1,"minecraft:rotten_flesh":2,"minecraft:white_bed":1,"minecraft:recovery_compass":1,"minecraft:red_mushroom":1,"minecraft:poppy":2,"minecraft:allium":1,"minecraft:rose_bush":1,"minecraft:spider_eye":1,"minecraft:written_book":1},"minecraft:killed_by":{"minecraft:skeleton":1},"minecraft:mined":{"minecraft:white_bed":9,"minecraft:dark_oak_leaves":3,"minecraft:deepslate_diamond_ore":9,"minecraft:smoker":1,"minecraft:dark_oak_log":12,"minecraft:obsidian":15,"minecraft:crafting_table":7,"minecraft:granite":3,"minecraft:allium":1,"minecraft:oak_wood":4,"minecraft:grass_block":7,"minecraft:poppy":2,"minecraft:rose_bush":1,"minecraft:deepslate_gold_ore":1,"minecraft:birch_wood":39,"minecraft:tall_grass":3,"minecraft:cobblestone":5,"minecraft:spruce_leaves":13,"minecraft:lapis_ore":3,"minecraft:sugar_cane":30,"minecraft:large_fern":1,"minecraft:hay_block":51,"minecraft:spruce_sapling":1,"minecraft:furnace":3,"minecraft:iron_ore":33,"minecraft:sweet_berry_bush":3,"minecraft:ice":9,"minecraft:spruce_log":18,"minecraft:deepslate_lapis_ore":2,"minecraft:mangrove_leaves":1,"minecraft:deepslate_iron_ore":6,"minecraft:grass":3,"minecraft:coal_ore":44,"minecraft:dark_oak_sapling":2,"minecraft:dirt":18,"minecraft:spruce_wood":2,"minecraft:stone":63,"minecraft:deepslate":3},"minecraft:broken":{"minecraft:stone_pickaxe":1,"minecraft:stone_axe":2},"minecraft:crafted":{"minecraft:cooked_beef":2,"minecraft:oak_planks":4,"minecraft:crafting_table":2,"minecraft:spruce_planks":28,"minecraft:wooden_pickaxe":1,"minecraft:furnace":1,"minecraft:bucket":1,"minecraft:stone_axe":3,"minecraft:air":0,"minecraft:diamond_pickaxe":1,"minecraft:iron_chestplate":1,"minecraft:shield":1,"minecraft:stick":20,"minecraft:iron_ingot":35,"minecraft:iron_pickaxe":1,"minecraft:stone_pickaxe":1,"minecraft:stone_sword":1,"minecraft:iron_leggings":1,"minecraft:white_bed":3,"minecraft:dark_oak_planks":4,"minecraft:torch":4,"minecraft:stone_hoe":1}},"DataVersion":3337}