{"stats":{"minecraft:used":{"minecraft:stone_pickaxe":36,"minecraft:wooden_pickaxe":13,"minecraft:stone_axe":59,"minecraft:crafting_table":3,"minecraft:furnace":1,"minecraft:white_bed":2,"minecraft:cooked_beef":3},"minecraft:custom":{"minecraft:time_since_rest":7388,"minecraft:interact_with_furnace":6,"minecraft:sprint_one_cm":27674,"minecraft:damage_taken":466,"minecraft:walk_one_cm":36616,"minecraft:mob_kills":14,"minecraft:drop":2,"minecraft:damage_dealt":1170,"minecraft:interact_with_crafting_table":7,"minecraft:swim_one_cm":7333,"minecraft:fly_one_cm":111567,"minecraft:crouch_one_cm":8491,"minecraft:play_time":18000,"minecraft:deaths":1,"minecraft:sneak_time":3797,"minecraft:walk_under_water_one_cm":1128,"minecraft:jump":481,"minecraft:walk_on_water_one_cm":3931,"minecraft:time_since_death":15699,"minecraft:sleep_in_bed":2,"minecraft:total_world_time":18000,"minecraft:fall_one_cm":12319},"minecraft:killed":{"minecraft:sheep":9,"minecraft:pig":2,"minecraft:cow":2},"minecraft:picked_up":{"minecraft:dark_oak_sapling":5,"minecraft:stick":1,"minecraft:crafting_table":3,"minecraft:allium":1,"minecraft:cooked_beef":5,"minecraft:sweet_berries":15,"minecraft:leather":3,"minecraft:porkchop":3,"minecraft:spruce_sapling":5,"minecraft:white_bed":2,"minecraft:spruce_log":45,"minecraft:dark_oak_log":25,"minecraft:dirt":21,"minecraft:spore_blossom":1,"minecraft:spruce_wood":2,"minecraft:beef":7,"minecraft:sugar_cane":4,"minecraft:coal":6,"minecraft:mutton":13,"minecraft:white_wool":9,"minecraft:cobblestone":20,"minecraft:furnace":1},"minecraft:dropped":{"minecraft:spore_blossom":1,"minecraft:white_bed":1},"minecraft:mined":{"minecraft:large_fern":1,"minecraft:white_bed":2,"minecraft:spruce_sapling":1,"minecraft:furnace":1,"minecraft:dark_oak_leaves":3,"minecraft:ice":2,"minecraft:dark_oak_log":12,"minecraft:spruce_log":18,"minecraft:mangrove_leaves":1,"minecraft:crafting_table":3,"minecraft:grass":1,"minecraft:allium":1,"minecraft:grass_block":6,"minecraft:coal_ore":6,"minecraft:dark_oak_sapling":2,"minecraft:dirt":15,"minecraft:cobblestone":1,"minecraft:tall_grass":2,"minecraft:spruce_wood":2,"minecraft:spruce_leaves":12,"minecraft:stone":19,"minecraft:sugar_cane":2},"minecraft:broken":{"minecraft:stone_axe":1},"minecraft:crafted":{"minecraft:cooked_beef":2,"minecraft:crafting_table":1,"minecraft:spruce_planks":20,"minecraft:stick":8,"minecraft:wooden_pickaxe":1,"minecraft:stone_pickaxe":1,"minecraft:stone_sword":1,"minecraft:furnace":1,"minecraft:white_bed":3,"minecraft:stone_axe":2,"minecraft:air":0}},"DataVersion":3337}