{"stats":{"minecraft:custom":{"minecraft:mob_kills":114,"minecraft:interact_with_crafting_table":35,"minecraft:leave_game":1,"minecraft:time_since_death":72041,"minecraft:sprint_one_cm":388346,"minecraft:walk_one_cm":305601,"minecraft:damage_blocked_by_shield":5400,"minecraft:drop":49,"minecraft:talked_to_villager":1,"minecraft:play_time":177337,"minecraft:deaths":12,"minecraft:sneak_time":26191,"minecraft:walk_under_water_one_cm":17746,"minecraft:boat_one_cm":120465,"minecraft:jump":4989,"minecraft:walk_on_water_one_cm":77649,"minecraft:total_world_time":177337,"minecraft:interact_with_furnace":33,"minecraft:sleep_in_bed":9,"minecraft:time_since_rest":2589,"minecraft:damage_taken":7534,"minecraft:damage_dealt":14739,"minecraft:swim_one_cm":68421,"minecraft:fly_one_cm":1021261,"minecraft:open_chest":46,"minecraft:crouch_one_cm":63082,"minecraft:interact_with_smoker":5,"minecraft:fish_caught":1,"minecraft:fall_one_cm":154606},"minecraft:used":{"minecraft:enchanting_table":1,"minecraft:stone_sword":19,"minecraft:iron_shovel":208,"minecraft:chest":2,"minecraft:shield":78,"minecraft:stone_hoe":65,"minecraft:torch":3,"minecraft:dirt":10,"minecraft:mutton":19,"minecraft:oak_wood":1,"minecraft:snowball":7,"minecraft:granite":3,"minecraft:golden_sword":150,"minecraft:bow":6,"minecraft:sweet_berries":3,"minecraft:furnace":4,"minecraft:cooked_beef":33,"minecraft:water_bucket":4,"minecraft:stone_pickaxe":131,"minecraft:wooden_pickaxe":13,"minecraft:crafting_table":12,"minecraft:white_bed":11,"minecraft:smoker":1,"minecraft:flower_pot":2,"minecraft:diamond_pickaxe":36,"minecraft:bread":16,"minecraft:iron_pickaxe":249,"minecraft:stone_axe":188,"minecraft:fishing_rod":1,"minecraft:cobblestone":24,"minecraft:bucket":5,"minecraft:oak_boat":1},"minecraft:killed":{"minecraft:spider":4,"minecraft:skeleton":5,"minecraft:llama":3,"minecraft:pig":5,"minecraft:zombie_villager":1,"minecraft:sheep":9,"minecraft:goat":3,"minecraft:zombie":22,"minecraft:cow":57},"minecraft:picked_up":{"minecraft:iron_chestplate":2,"minecraft:crafting_table":10,"minecraft:allium":3,"minecraft:flower_pot":2,"minecraft:brown_mushroom":8,"minecraft:shield":2,"minecraft:golden_sword":2,"minecraft:string":6,"minecraft:iron_leggings":2,"minecraft:cobbled_deepslate":37,"minecraft:beef":234,"minecraft:oak_boat":1,"minecraft:rose_bush":1,"minecraft:written_book":5,"minecraft:poppy":2,"minecraft:iron_pickaxe":3,"minecraft:sugar_cane":190,"minecraft:chest":2,"minecraft:furnace":3,"minecraft:dark_oak_sapling":10,"minecraft:stick":7,"minecraft:raw_iron":139,"minecraft:torch":2,"minecraft:porkchop":16,"minecraft:pointed_dripstone":16,"minecraft:redstone":2,"minecraft:prismarine_crystals":3,"minecraft:stone_sword":3,"minecraft:arrow":11,"minecraft:rotten_flesh":26,"minecraft:hay_block":64,"minecraft:mutton":34,"minecraft:obsidian":14,"minecraft:snowball":7,"minecraft:white_wool":11,"minecraft:cobblestone":92,"minecraft:enchanting_table":1,"minecraft:cooked_beef":51,"minecraft:water_bucket":2,"minecraft:andesite":2,"minecraft:leather":104,"minecraft:golden_leggings":1,"minecraft:smoker":2,"minecraft:red_mushroom":11,"minecraft:cobblestone_wall":4,"minecraft:lapis_lazuli":340,"minecraft:dirt":246,"minecraft:leather_boots":1,"minecraft:bone":10,"minecraft:bow":1,"minecraft:spore_blossom":1,"minecraft:raw_gold":26,"minecraft:cobbled_deepslate_slab":3,"minecraft:birch_wood":39,"minecraft:spruce_wood":4,"minecraft:stone_pickaxe":1,"minecraft:sweet_berries":71,"minecraft:spruce_sapling":11,"minecraft:white_bed":10,"minecraft:spruce_log":81,"minecraft:dark_oak_log":50,"minecraft:spider_eye":5,"minecraft:leather_helmet":2,"minecraft:oak_wood":37,"minecraft:diamond":37,"minecraft:stone_axe":3,"minecraft:granite":8,"minecraft:oak_sapling":16,"minecraft:coal":84},"minecraft:dropped":{"minecraft:brown_mushroom":6,"minecraft:spore_blossom":1,"minecraft:granite":2,"minecraft:red_mushroom":6,"minecraft:rose_bush":1,"minecraft:iron_pickaxe":1,"minecraft:stone_sword":1,"minecraft:cobbled_deepslate":22,"minecraft:cobblestone_wall":4,"minecraft:rotten_flesh":26,"minecraft:cobbled_deepslate_slab":3,"minecraft:white_bed":1,"minecraft:recovery_compass":10,"minecraft:poppy":2,"minecraft:allium":1,"minecraft:andesite":2,"minecraft:golden_leggings":1,"minecraft:spider_eye":1,"minecraft:raw_gold":1,"minecraft:written_book":5},"minecraft:killed_by":{"minecraft:creeper":3,"minecraft:enderman":1,"minecraft:skeleton":4,"minecraft:zombie":2},"minecraft:mined":{"minecraft:white_bed":9,"minecraft:dark_oak_leaves":3,"minecraft:deepslate_diamond_ore":33,"minecraft:dark_oak_log":12,"minecraft:obsidian":15,"minecraft:granite":4,"minecraft:allium":2,"minecraft:grass_block":121,"minecraft:spruce_leaves":13,"minecraft:red_mushroom":4,"minecraft:large_fern":1,"minecraft:hay_block":65,"minecraft:spruce_sapling":1,"minecraft:furnace":3,"minecraft:iron_ore":55,"minecraft:snow":7,"minecraft:deepslate_lapis_ore":45,"minecraft:enchanting_table":1,"minecraft:pointed_dripstone":8,"minecraft:deepslate_iron_ore":73,"minecraft:potted_spruce_sapling":1,"minecraft:spruce_wood":2,"minecraft:stone":63,"minecraft:podzol":5,"minecraft:brown_mushroom":4,"minecraft:smoker":2,"minecraft:crafting_table":9,"minecraft:oak_wood":4,"minecraft:poppy":2,"minecraft:chest":2,"minecraft:rose_bush":1,"minecraft:cobblestone":5,"minecraft:tall_grass":3,"minecraft:birch_wood":39,"minecraft:lapis_ore":3,"minecraft:deepslate_gold_ore":24,"minecraft:sugar_cane":35,"minecraft:sweet_berry_bush":3,"minecraft:ice":11,"minecraft:spruce_log":18,"minecraft:mangrove_leaves":1,"minecraft:grass":3,"minecraft:coal_ore":44,"minecraft:dark_oak_sapling":2,"minecraft:flower_pot":1,"minecraft:dirt":99,"minecraft:oak_leaves":3,"minecraft:deepslate":22},"minecraft:broken":{"minecraft:stone_pickaxe":1,"minecraft:shield":1,"minecraft:leather_boots":1,"minecraft:stone_axe":2,"minecraft:iron_pickaxe":1},"minecraft:crafted":{"minecraft:oak_planks":16,"minecraft:fishing_rod":1,"minecraft:furnace":1,"minecraft:stone_pickaxe":1,"minecraft:dark_oak_planks":100,"minecraft:stone_hoe":1,"minecraft:cooked_beef":61,"minecraft:crafting_table":3,"minecraft:enchanting_table":1,"minecraft:spruce_planks":36,"minecraft:powered_rail":6,"minecraft:wooden_pickaxe":1,"minecraft:bucket":1,"minecraft:stone_axe":3,"minecraft:air":0,"minecraft:oak_boat":1,"minecraft:book":1,"minecraft:dark_oak_slab":18,"minecraft:iron_chestplate":1,"minecraft:paper":3,"minecraft:diamond_pickaxe":1,"minecraft:shield":2,"minecraft:stick":28,"minecraft:iron_ingot":99,"minecraft:iron_pickaxe":1,"minecraft:stone_sword":1,"minecraft:iron_shovel":1,"minecraft:iron_leggings":1,"minecraft:white_bed":3,"minecraft:composter":2,"minecraft:torch":4,"minecraft:lapis_block":35}},"DataVersion":3337}