{"stats":{"minecraft:used":{"minecraft:stone_axe":11,"minecraft:crafting_table":1,"minecraft:stone_pickaxe":14,"minecraft:wooden_pickaxe":13},"minecraft:custom":{"minecraft:time_since_rest":3736,"minecraft:crouch_one_cm":4844,"minecraft:play_time":6000,"minecraft:sprint_one_cm":3711,"minecraft:walk_one_cm":6784,"minecraft:damage_taken":306,"minecraft:deaths":1,"minecraft:sneak_time":1967,"minecraft:walk_under_water_one_cm":249,"minecraft:jump":77,"minecraft:damage_dealt":20,"minecraft:time_since_death":3699,"minecraft:walk_on_water_one_cm":888,"minecraft:total_world_time":6000,"minecraft:swim_one_cm":2597,"minecraft:interact_with_crafting_table":3,"minecraft:fall_one_cm":4727,"minecraft:fly_one_cm":6734},"minecraft:picked_up":{"minecraft:crafting_table":1,"minecraft:spruce_log":14,"minecraft:dirt":10,"minecraft:cobblestone":17},"minecraft:mined":{"minecraft:grass_block":3,"minecraft:dirt":7,"minecraft:spruce_leaves":12,"minecraft:spruce_log":12,"minecraft:stone":17,"minecraft:crafting_table":1,"minecraft:mangrove_leaves":1},"minecraft:crafted":{"minecraft:stone_sword":1,"minecraft:stone_axe":1,"minecraft:crafting_table":1,"minecraft:spruce_planks":12,"minecraft:stick":8,"minecraft:stone_pickaxe":1,"minecraft:wooden_pickaxe":1}},"DataVersion":3337}