{"stats":{"minecraft:used":{"minecraft:stone_sword":19,"minecraft:stone_pickaxe":131,"minecraft:wooden_pickaxe":13,"minecraft:stone_hoe":51,"minecraft:dirt":10,"minecraft:crafting_table":7,"minecraft:oak_wood":1,"minecraft:white_bed":10,"minecraft:granite":3,"minecraft:bread":13,"minecraft:iron_pickaxe":38,"minecraft:stone_axe":178,"minecraft:golden_sword":4,"minecraft:cobblestone":24,"minecraft:sweet_berries":3,"minecraft:furnace":3,"minecraft:bucket":1,"minecraft:cooked_beef":7},"minecraft:custom":{"minecraft:interact_with_furnace":14,"minecraft:mob_kills":80,"minecraft:interact_with_crafting_table":13,"minecraft:leave_game":1,"minecraft:time_since_death":37019,"minecraft:sleep_in_bed":6,"minecraft:time_since_rest":14342,"minecraft:sprint_one_cm":186720,"minecraft:damage_taken":1626,"minecraft:walk_one_cm":132459,"minecraft:drop":7,"minecraft:damage_dealt":8817,"minecraft:swim_one_cm":52389,"minecraft:fly_one_cm":511394,"minecraft:open_chest":5,"minecraft:crouch_one_cm":31195,"minecraft:play_time":75467,"minecraft:deaths":2,"minecraft:sneak_time":13488,"minecraft:walk_under_water_one_cm":6240,"minecraft:jump":2496,"minecraft:walk_on_water_one_cm":19791,"minecraft:total_world_time":75467,"minecraft:fall_one_cm":79125},"minecraft:killed":{"minecraft:pig":5,"minecraft:sheep":9,"minecraft:goat":3,"minecraft:zombie":2,"minecraft:llama":3,"minecraft:cow":57},"minecraft:picked_up":{"minecraft:crafting_table":6,"minecraft:allium":2,"minecraft:cooked_beef":6,"minecraft:leather":104,"minecraft:smoker":1,"minecraft:lapis_lazuli":39,"minecraft:dirt":44,"minecraft:birch_wood":39,"minecraft:rose_bush":1,"minecraft:spore_blossom":1,"minecraft:spruce_wood":4,"minecraft:stone_pickaxe":1,"minecraft:beef":234,"minecraft:written_book":1,"minecraft:poppy":2,"minecraft:sugar_cane":169,"minecraft:furnace":2,"minecraft:dark_oak_sapling":10,"minecraft:stick":7,"minecraft:raw_iron":37,"minecraft:sweet_berries":71,"minecraft:porkchop":16,"minecraft:spruce_sapling":10,"minecraft:white_bed":10,"minecraft:spruce_log":81,"minecraft:dark_oak_log":50,"minecraft:oak_wood":34,"minecraft:stone_sword":1,"minecraft:stone_axe":1,"minecraft:hay_block":50,"minecraft:granite":6,"minecraft:oak_sapling":16,"minecraft:mutton":29,"minecraft:coal":84,"minecraft:white_wool":11,"minecraft:cobblestone":92},"minecraft:dropped":{"minecraft:spore_blossom":1,"minecraft:white_bed":1,"minecraft:recovery_compass":1,"minecraft:poppy":2,"minecraft:allium":1,"minecraft:rose_bush":1,"minecraft:written_book":1},"minecraft:killed_by":{"minecraft:skeleton":1},"minecraft:mined":{"minecraft:white_bed":9,"minecraft:dark_oak_leaves":3,"minecraft:smoker":1,"minecraft:dark_oak_log":12,"minecraft:crafting_table":5,"minecraft:granite":3,"minecraft:allium":1,"minecraft:oak_wood":4,"minecraft:grass_block":7,"minecraft:poppy":2,"minecraft:rose_bush":1,"minecraft:birch_wood":39,"minecraft:tall_grass":3,"minecraft:cobblestone":5,"minecraft:spruce_leaves":13,"minecraft:lapis_ore":3,"minecraft:sugar_cane":30,"minecraft:large_fern":1,"minecraft:hay_block":51,"minecraft:spruce_sapling":1,"minecraft:furnace":2,"minecraft:iron_ore":33,"minecraft:sweet_berry_bush":3,"minecraft:ice":9,"minecraft:spruce_log":18,"minecraft:deepslate_lapis_ore":2,"minecraft:mangrove_leaves":1,"minecraft:grass":3,"minecraft:coal_ore":44,"minecraft:dark_oak_sapling":2,"minecraft:dirt":18,"minecraft:spruce_wood":2,"minecraft:stone":63},"minecraft:broken":{"minecraft:stone_pickaxe":1,"minecraft:stone_axe":2},"minecraft:crafted":{"minecraft:cooked_beef":2,"minecraft:oak_planks":4,"minecraft:crafting_table":2,"minecraft:spruce_planks":24,"minecraft:wooden_pickaxe":1,"minecraft:furnace":1,"minecraft:bucket":1,"minecraft:stone_axe":3,"minecraft:air":0,"minecraft:iron_chestplate":1,"minecraft:stick":16,"minecraft:iron_ingot":24,"minecraft:iron_pickaxe":1,"minecraft:stone_pickaxe":1,"minecraft:stone_sword":1,"minecraft:iron_leggings":1,"minecraft:white_bed":3,"minecraft:torch":4,"minecraft:stone_hoe":1}},"DataVersion":3337}